key_id,word
9000003627287624,stereo radio rainbow
9000010688666847,hockey_puck hamburger sandwich
9000023642890129,camel bat The_Great_Wall_of_China
9000038588854897,mountain triangle skyscraper
9000052667981386,campfire fireplace flashlight
9000057427034623,fence spreadsheet The_Great_Wall_of_China
9000065506980882,wine_glass cup wine_bottle
9000087586309806,submarine shark river
9000092580281382,bracelet necklace sea_turtle
9000096661653918,hourglass skull vase
9000102548572430,octopus onion octagon
9000109525154374,stove oven dresser
9000117423882596,roller_coaster squiggle camel
9000118400618039,steak dishwasher paint_can
9000119463725679,harp onion watermelon
9000156567772007,shorts underwear tent
9000159584429954,sailboat speedboat telephone
9000161602785100,church hospital ambulance
9000182604013479,giraffe saxophone sock
9000183669464573,shark dolphin whale
9000187440516076,tractor bulldozer car
9000193525342977,goatee teddy-bear bear
9000198400086554,megaphone flashlight garden
9000202569048083,microphone key lighthouse
9000206448363150,dragon squirrel bird
9000234529125713,lion fire_hydrant sun
9000235467185830,sock hockey_stick bush
9000255623069766,bat power_outlet butterfly
9000256502783283,garden grass crayon
9000277442812262,bathtub hot_dog pool
9000277563368811,scissors pliers mosquito
9000280688246705,sword scissors shovel
9000281561843445,clock compass brain
9000281644143716,yoga saw The_Mona_Lisa
9000292525971382,tiger purse zebra
9000293606925717,hot_dog sandwich keyboard
9000295448321106,computer book laptop
9000297423888044,bat baseball_bat vase
9000302684801961,tiger lion bear
9000305542854882,sword scissors ladder
9000331588476138,goatee wristwatch beard
9000333629927348,wheel violin pizza
9000335621713143,beach umbrella hot_tub
9000337402323494,airplane shark sailboat
9000344665837429,triangle tent mountain
9000348440955351,popsicle screwdriver The_Great_Wall_of_China
9000361563195829,wristwatch alarm_clock trumpet
9000365429792904,spoon garden_hose baseball_bat
9000375484210103,t-shirt sweater castle
9000391686579935,helicopter bathtub bicycle
9000413523441165,bandage tractor eye
9000420504057781,guitar cello strawberry
9000431661425288,firetruck train ambulance
9000451680606033,marker toothpaste crayon
9000455640531010,ambulance tree police_car
9000466429773550,crown cake birthday_cake
9000468523086039,lantern lollipop lighthouse
9000471644375806,hospital church bread
9000473504686321,coffee_cup cup cookie
9000485604243837,underwear parachute t-shirt
9000491663577318,remote_control skyscraper candle
9000497423063288,sun megaphone spider
9000527546610235,goatee parachute necklace
9000540600886451,mug cup coffee_cup
9000550661693875,mushroom table sweater
9000551625789668,bucket feather cup
9000561667588865,shorts underwear tiger
9000569527667440,fork flower mailbox
9000577446213536,sailboat speedboat cruise_ship
9000586580097364,bread finger steak
9000592629902441,cloud bush eraser
9000595623040417,ladder skyscraper diving_board
9000616665497923,t-shirt sweater castle
9000665665286594,paper_clip penguin ear
9000668506923417,pants broom shorts
9000675500257035,raccoon panda ice_cream
9000676482754765,dumbbell leg eyeglasses
9000694646842996,t-shirt sweater castle
9000712606100178,guitar violin cello
9000718546274191,swing_set see_saw blueberry
9000769423614782,camouflage soccer_ball map
9000784523002669,eraser pillow barn
9000785482980318,zigzag ocean squiggle
9000793604201000,animal_migration bird bat
9000827567339265,blueberry face strawberry
9000836580667435,squiggle zigzag cloud
9000839404074833,matches fork spoon
9000851684655186,spreadsheet calendar dresser
9000857525720200,shorts pants tiger
9000876508043918,tornado hurricane marker
9000879465018596,sailboat canoe telephone
9000881686592634,pig anvil cow
9000886644160027,axe hammer mailbox
9000887506739036,candle crocodile lipstick
9000895584087168,angel knee butterfly
9000919523274868,saw see_saw hand
9000925682148134,hot_air_balloon mouse parachute
9000928467791874,tornado radio hurricane
9000937429165674,sink skateboard dishwasher
9000937682144108,diamond ambulance parachute
9000939482794091,anvil frog mushroom
9000941625196992,lighthouse book axe
9000945442039562,couch bed helicopter
9000948521168927,teapot coffee_cup mug
9000972621166091,door skyscraper book
9000979546255529,toilet basket beard
9001005680897035,star cannon stairs
9001009421379344,cello violin envelope
9001010644101328,hedgehog sailboat bee
9001023500407823,pliers triangle scissors
9001047463309546,sweater t-shirt castle
9001049521166855,key pizza saw
9001054582758920,hat swan shorts
9001060606186036,saw hand see_saw
9001066544540031,river backpack cello
9001070648954575,pillow stop_sign fan
9001075661007003,church castle raccoon
9001090629921457,lantern lollipop lighthouse
9001094523863162,angel knee butterfly
9001103504450435,bush cloud eraser
9001103602367344,bush paint_can paintbrush
9001104661864120,panda raccoon bear
9001111582798467,coffee_cup fire_hydrant fireplace
9001117440191347,string_bean marker asparagus
9001126582144399,light_bulb lighthouse lightning
9001135600690461,golf_club hockey_stick bicycle
9001135644147974,monkey lion teddy-bear
9001145642478801,pliers scissors guitar
9001149508085985,sock saxophone shoe
9001165646063774,cookie soccer_ball lobster
9001172561676139,circle potato moon
9001184502530609,sea_turtle hot_tub mouse
9001187446886295,purse helmet bucket
9001193686706378,submarine river helicopter
9001194627629086,snake microphone tennis_racquet
9001212640740374,submarine river helicopter
9001215423069361,bulldozer stove stereo
9001232540117246,bucket duck swan
9001262529336702,piano streetlight jacket
9001265606754058,rabbit paper_clip kangaroo
9001272506750864,ceiling_fan smiley_face fan
9001276588204733,diving_board dishwasher square
9001295500863839,pig rabbit dog
9001300508885485,pickup_truck firetruck truck
9001316506984471,skyscraper squirrel suitcase
9001331640930629,hockey_puck flying_saucer hockey_stick
9001350546253202,hurricane tornado pineapple
9001360648724787,trumpet trombone whale
9001373561294897,snake drill garden_hose
9001375682716133,pineapple screwdriver strawberry
9001380667926299,toothbrush pencil toothpaste
9001381502308200,blueberry apple door
9001386488265772,umbrella parachute diving_board
9001390684296001,finger horse paper_clip
9001405406319502,shovel church rake
9001406688879710,sea_turtle dog ant
9001410561239578,onion television pear
9001410688075462,raccoon frog dog
9001415586951566,stove speedboat dishwasher
9001429544128379,lollipop crayon popsicle
9001432648110157,sword scissors ladder
9001433586170274,remote_control skyscraper dishwasher
9001439586917576,jail stereo calendar
9001444623610140,trumpet shoe frying_pan
9001446444187897,suitcase envelope postcard
9001452586723407,clarinet trumpet shark
9001468563972114,flower microwave house_plant
9001485604224821,hedgehog rake pond
9001495625173749,parrot bird roller_coaster
9001537404289641,bread peas string_bean
9001537661868939,rake asparagus paintbrush
9001539461429823,spreadsheet calendar jail
9001548440199722,bridge moustache police_car
9001554588852118,garden garden_hose flower
9001570548302191,stop_sign pillow fan
9001570669848740,shorts pants broom
9001573561469932,crocodile stairs dragon
9001573686594708,pond pool hedgehog
9001589525912415,speedboat submarine sailboat
9001595565039482,dragon squirrel bird
9001636608210278,windmill mailbox fan
9001641621755955,tiger zebra purse
9001641627076848,snorkel picture_frame saxophone
9001643586387363,cruise_ship cake hammer
9001648484273467,pig lobster crab
9001660648536944,lighthouse paint_can streetlight
9001674684885983,potato ear pear
9001675440535082,dresser dishwasher cooler
9001679461235339,grapes blackberry dumbbell
9001689548177429,circle blueberry peas
9001703623800498,cooler stove oven
9001723669230757,mailbox shorts hammer
9001731627640268,duck swan bird
9001743606750026,cake birthday_cake dolphin
9001749425388380,computer book laptop
9001753561638320,traffic_light streetlight panda
9001757544181398,teapot coffee_cup mug
9001764542016771,octopus onion octagon
9001766567310568,calendar spreadsheet jail
9001775665837655,crab pig lobster
9001781529944687,cow tooth tiger
9001793606982112,umbrella diving_board parachute
9001796529399410,barn dresser spreadsheet
9001800529790418,fish soccer_ball boomerang
9001805427686412,anvil frog mushroom
9001806602937090,firetruck pickup_truck postcard
9001824508807149,firetruck train truck
9001832625910786,submarine river helicopter
9001838544187836,jacket brain sweater
9001846580680573,sink skateboard dishwasher
9001852502768666,microwave oven barn
9001853529330057,bulldozer pencil tractor
9001870686978763,snorkel mouth underwear
9001908525559644,table mushroom umbrella
9001919567791475,square leg broom
9001920582165897,feather tennis_racquet guitar
9001930525954005,ladder stitches cell_phone
9001938484043679,squirrel dragon raccoon
9001947588839244,radio stove oven
9001979488244694,baseball yoga basketball
9001988488854872,tree broccoli keyboard
9001995404095364,waterslide river peanut
9001996661028186,oven microwave sea_turtle
9002001584889745,sandwich hot_tub hamburger
9002015565685308,sun megaphone spider
9002016684843705,stethoscope headphones wine_glass
9002025482317324,skull drill face
9002025586535226,table toilet chair
9002035540341396,canoe hot_dog mouth
9002049586590336,dolphin ladder shark
9002056400236791,The_Mona_Lisa passport dishwasher
9002057580268478,purse beard face
9002057606393244,asparagus rake paintbrush
9002060525557110,motorbike bicycle carrot
9002061588664750,swing_set shorts pants
9002097529583240,spreadsheet calendar frying_pan
9002116623637115,helicopter bathtub bicycle
9002117540780468,mosquito spider ant
9002117584216224,bandage cactus diving_board
9002120584089000,toothbrush The_Great_Wall_of_China belt
9002122546808398,basket bottlecap hot_tub
9002134686301653,dumbbell leg eyeglasses
9002136582167338,fork flower lollipop
9002142506967307,snowman grass snowflake
9002143646063335,bird duck flamingo
9002146465263598,power_outlet cell_phone traffic_light
9002160627602016,table mushroom umbrella
9002171602768474,guitar cello violin
9002175486765649,dog cat elephant
9002204608273303,hand fork arm
9002205588415722,bandage tractor eye
9002208446489301,hourglass vase sword
9002256400489188,shoe pond cloud
9002285627627905,palm_tree fire_hydrant backpack
9002295523462815,chair stethoscope flying_saucer
9002296461423932,The_Eiffel_Tower pear violin
9002329408408944,sink chandelier cruise_ship
9002332508889857,see_saw cannon stethoscope
9002334542499399,trumpet trombone zigzag
9002355669863192,tent mountain eraser
9002362586119323,screwdriver drums drill
9002368580644832,dolphin ladder shark
9002407529501391,postcard keyboard map
9002420506798130,axe diving_board toothbrush
9002433621316809,camera crab washing_machine
9002438567337533,sandwich hot_dog hamburger
9002440680093904,lollipop onion garden_hose
9002441606944176,diving_board saw dishwasher
9002466606332053,moon cookie peas
9002467588839683,panda raccoon ice_cream
9002469486307586,windmill mailbox fan
9002470500610433,scorpion squirrel snail
9002493504623408,ice_cream hot_dog parachute
9002494588647812,raccoon panda owl
9002495604247869,circle moon toothbrush
9002497540930492,cooler stove toaster
9002498548572898,ceiling_fan smiley_face fan
9002508588666847,house barn hamburger
9002510606902335,lion cat rabbit
9002518548762153,axe hammer mailbox
9002520561889639,power_outlet snail streetlight
9002552565413981,squiggle ocean camel
9002556467901143,sheep cow flamingo
9002560600823538,hockey_puck watermelon pond
9002561669219556,wheel basketball pizza
9002572529140359,shoe house submarine
9002581667525942,cow tooth zebra
9002582665267358,flip_flops bicycle baseball
9002605682182903,steak pond hedgehog
9002614648156577,peas grapes cookie
9002615482988792,clock potato ear
9002626567584056,jail stereo harp
9002632627416996,floor_lamp remote_control fire_hydrant
9002632661083277,passport calendar calculator
9002634523650004,finger nail sleeping_bag
9002642686533950,raccoon panda helmet
9002659529982209,bottlecap wine_bottle vase
9002679406731288,fork flower lollipop
9002703580416103,piano streetlight jacket
9002708582520109,campfire arm fireplace
9002715521390330,clock circle moon
9002722667968470,traffic_light streetlight panda
9002728461613632,lobster elbow flamingo
9002739406100917,cello violin vase
9002739565871206,potato strawberry peanut
9002764642683145,alarm_clock helicopter roller_coaster
9002776423278856,giraffe flamingo camel
9002783548939133,clock washing_machine compass
9002783565246232,camouflage soccer_ball map
9002786625367479,waterslide river oven
9002808423464184,barn oven dishwasher
9002836527855496,cake birthday_cake clarinet
9002845406908268,whale microphone dolphin
9002850627899749,bowtie broccoli ant
9002854527053447,bridge trumpet helicopter
9002857588225260,tree keyboard broccoli
9002864527095491,cup mug coffee_cup
9002885500405544,fan wheel ceiling_fan
9002888446441691,broom rake paintbrush
9002894523612066,flip_flops mouse bicycle
9002894588096101,octagon hexagon sock
9002909465202973,bicycle motorbike scorpion
9002917523230512,feather leaf guitar
9002942544960937,calculator calendar chandelier
9002946642660339,monkey lion teddy-bear
9002957406562012,eraser camouflage soccer_ball
9002963600690028,paintbrush broom rake
9002970544122699,tennis_racquet microphone snake
9002972584064772,passport spreadsheet book
9002972640136296,lion angel soccer_ball
9002975584482973,lightning flashlight calendar
9002978580201310,underwear parachute t-shirt
9002984640174675,lantern lollipop lighthouse
9002998440721533,barn hurricane lantern
9003010586159620,roller_coaster fork snake
9003048442875527,oven dishwasher dresser
9003052648707845,speedboat cruise_ship sailboat
9003062625131908,hamburger baseball_bat sandwich
9003066569800461,The_Great_Wall_of_China animal_migration trombone
9003070567394985,bed dumbbell couch
9003072504648951,lightning flashlight zigzag
9003077461676559,rainbow bridge fan
9003086588012963,stethoscope headphones hot_air_balloon
9003092506522707,t-shirt sweater castle
9003100521390311,marker paintbrush toothpaste
9003101602344745,face smiley_face toothpaste
9003111506357779,pig anvil cow
9003111600675671,keyboard cooler pool
9003184548749228,hammer mailbox shorts
9003185546481724,mountain hexagon roller_coaster
9003185688835256,grapes blackberry chandelier
9003186661060024,harp watermelon onion
9003196444548057,donut eye sheep
9003215429756481,stove oven dresser
9003218506106485,pool diving_board postcard
9003234561862246,cup wine_bottle wine_glass
9003236540930059,diving_board postcard pool
9003237406129823,pliers scissors hourglass
9003266421331848,tornado hurricane marker
9003275444548260,bread stop_sign beard
9003277565079595,peas string_bean backpack
9003283682108466,toe foot hand
9003287444586649,sheep rhinoceros mouse
9003310667561896,see_saw garden_hose saw
9003315561847036,camel peanut sweater
9003333523821114,diamond parachute ambulance
9003349500002578,donut steak hamburger
9003354623086050,crown leaf mountain
9003363584801165,broom rake shovel
9003369404078215,frog panda teddy-bear
9003373665453020,megaphone axe lighthouse
9003388584210799,helicopter bathtub bicycle
9003399527431763,pond pool brain
9003401606735029,star cannon stairs
9003402688850886,diving_board umbrella parachute
9003407444392368,moustache mouse car
9003410623652306,snowflake hourglass star
9003429465280665,windmill mailbox fan
9003441569840116,hand saw key
9003448523804068,feather carrot asparagus
9003461500080249,trombone trumpet whale
9003462565898808,windmill snowflake spider
9003475465641036,umbrella mushroom diving_board
9003487508022289,mushroom table umbrella
9003502665879817,feather bucket paint_can
9003526563328153,ear donut steak
9003541606541525,matches cloud asparagus
9003565444396715,television rollerskates radio
9003568484672422,pig anvil cow
9003569529378125,ice_cream traffic_light snowman
9003586567181401,pizza diamond hamburger
9003615521713544,diamond ambulance ice_cream
9003616404220284,butterfly mosquito angel
9003627446441258,scissors duck pliers
9003629463744681,cruise_ship hammer birthday_cake
9003646686364912,pear The_Eiffel_Tower strawberry
9003650608488195,leaf feather banana
9003653521907251,pond brain pool
9003654584003144,church house bread
9003677544580353,mailbox shorts hammer
9003706625958280,bat dragon power_outlet
9003709423251670,tree broccoli keyboard
9003724527249222,sun megaphone spider
9003732580070716,eraser matches barn
9003735480870889,popsicle mailbox floor_lamp
9003736584442216,light_bulb lightning lighthouse
9003751606758614,blackberry computer laptop
9003758540976036,calendar chandelier calculator
9003764561064229,dog elephant skull
9003785442856597,camera broom rake
9003808540303710,scorpion squiggle sheep
9003825586383120,frog crab teddy-bear
9003832546082972,yoga saw The_Mona_Lisa
9003837686930636,violin guitar envelope
9003855402321532,toaster purse cooler
9003855446867055,violin peanut ear
9003882584440798,calendar calculator cell_phone
9003895544943448,envelope suitcase postcard
9003906427608388,guitar violin cello
9003906500008659,basketball baseball backpack
9003908484847560,cannon canoe fireplace
9003947546065827,church barn hurricane
9003959542472783,moon boomerang banana
9003992625762279,stairs crocodile shark
9003995406737703,jacket sweater brain
9004003600863647,backpack octopus cell_phone
9004008427059731,oven passport microwave
9004008569403363,laptop calendar blackberry
9004017508258171,cat tiger bird
9004017667920550,school_bus bus pickup_truck
9004022644941735,house hospital lantern
9004025544730151,soccer_ball cookie smiley_face
9004026427247781,finger nail marker
9004052684024813,washing_machine camera oven
9004059523821342,map postcard picture_frame
9004060504680666,snake microphone tennis_racquet
9004065506794562,blueberry eye brain
9004066642202483,blackberry grapes dumbbell
9004072521926054,truck van ambulance
9004078461001177,broom paintbrush rake
9004083627439171,camouflage brain airplane
9004084561801281,soccer_ball matches moon
9004088586199545,parachute stethoscope hot_air_balloon
9004089580222286,flower microwave house_plant
9004104582986642,bear frog panda
9004110521314359,telephone hospital calculator
9004128584653870,ear paper_clip donut
9004150582336355,guitar violin strawberry
9004151542833131,hot_air_balloon mouse parachute
9004151580099419,raccoon panda owl
9004154646401981,kangaroo bird parrot
9004159461085957,vase house_plant flower
9004170661231993,bandage cell_phone blackberry
9004172669238581,sock shoe rollerskates
9004173667960097,book door cup
9004189469213640,blueberry apple door
9004206688438361,snake microphone tennis_racquet
9004208425513857,parachute stethoscope diamond
9004212540934275,cruise_ship hammer sailboat
9004224580819303,bird duck parrot
9004241625749137,cell_phone traffic_light calculator
9004249463381153,diamond vase stop_sign
9004252682587839,cow apple blueberry
9004255667398302,teddy-bear monkey goatee
9004271540765881,stop_sign pillow fan
9004273623061596,coffee_cup cup cookie
9004275608429435,lightning flashlight calendar
9004302529501712,duck swan parrot
9004306648139635,bear owl skull
9004307427496716,hurricane tornado marker
9004310542495367,hexagon sock octagon
9004316680017184,steak peanut bee
9004332569673899,binoculars cake tractor
9004334561469594,passport postcard microwave
9004341608068492,tennis_racquet cactus microphone
9004343682526431,spoon shovel frying_pan
9004346546880345,envelope postcard suitcase
9004360525300796,square table chair
9004360569846210,basket chandelier brain
9004360669464347,moon banana circle
9004375402954317,camera crab washing_machine
9004377484087791,couch cannon nose
9004385444109321,roller_coaster fork snake
9004385680870845,broccoli firetruck tree
9004389465432113,birthday_cake cake clarinet
9004391565816309,stairs The_Mona_Lisa star
9004397521147845,elephant lion rhinoceros
9004413669297474,streetlight skyscraper finger
9004414525597016,hat suitcase swan
9004421506182084,lollipop crayon popsicle
9004432608007094,car motorbike tractor
9004441548914236,tree broccoli keyboard
9004448563721890,spider ceiling_fan bowtie
9004450561231748,circle potato moon
9004463667719442,passport computer postcard
9004465527051715,helicopter bridge rainbow
9004482563153872,helmet octagon purse
9004519423021232,owl camel face
9004527529184490,couch eraser purse
9004529548198942,hamburger sandwich hot_dog
9004550686993536,megaphone bowtie garden
9004566663174990,streetlight piano barn
9004588542609675,fire_hydrant sweater lantern
9004594608862276,paper_clip rabbit cat
9004596621565835,river The_Great_Wall_of_China waterslide
9004596682330215,ear spoon peanut
9004617602190596,rainbow bridge fan
9004626563915502,ceiling_fan flower fan
9004631527228794,microwave picture_frame oven
9004671682589350,wine_bottle kangaroo wine_glass
9004695408617658,windmill birthday_cake garden
9004697586381831,cookie lobster potato
9004711644795944,hammer mailbox drill
9004717688098869,car police_car pickup_truck
9004721644759656,banana parrot waterslide
9004725669048020,umbrella diving_board parachute
9004749423401058,tooth monkey pants
9004752544799725,basket suitcase purse
9004762527435770,coffee_cup mug teapot
9004764600800728,pear The_Eiffel_Tower violin
9004765500635125,raccoon panda owl
9004774665227817,passport washing_machine oven
9004781669420877,spreadsheet skyscraper calculator
9004795502551915,snake ocean moustache
9004835508235789,ear backpack wristwatch
9004846480874474,nail knee square
9004847527281395,diving_board key table
9004850569869809,snorkel picture_frame saxophone
9004853648998273,arm elbow squirrel
9004854688476174,rainbow bridge fan
9004865582923723,castle couch barn
9004870540936780,crab pig lobster
9004883506771180,garden_hose waterslide snake
9004893686303387,hot_tub camouflage coffee_cup
9004918506395500,cactus butterfly spider
9004921621394151,octopus chandelier elephant
9004936425994308,map postcard garden_hose
9004937423637704,harp onion watermelon
9004939502344302,stitches cell_phone ladder
9004942663113362,pineapple screwdriver strawberry
9004945446422459,pear speedboat cruise_ship
9004971521987452,broccoli keyboard tree
9004978421569251,toothpaste trombone traffic_light
9004983561841922,eyeglasses bus hourglass
9004992584089002,bowtie moustache mountain
9004996400840438,flip_flops bicycle baseball
9004996500489123,t-shirt sweater castle
9005000580669142,bucket cell_phone sweater
9005000684887044,chair laptop bed
9005004561402092,watermelon strawberry pizza
9005021563978294,roller_coaster The_Great_Wall_of_China zebra
9005040580838526,harp onion watermelon
9005043580287484,underwear t-shirt diamond
9005045680870298,fireplace flashlight lantern
9005046688413694,tent eraser hat
9005056446483099,cookie lobster potato
9005057423297864,stairs cake birthday_cake
9005057688453366,spider bandage crab
9005059546420328,boomerang binoculars lightning
9005075467922438,sword hockey_stick rake
9005084540953644,nose triangle mountain
9005093529524543,pencil sword screwdriver
9005117565031882,paintbrush broom rake
9005153523692056,lollipop crayon popsicle
9005153604281209,t-shirt sweater castle
9005154608235597,stethoscope headphones wine_glass
9005177546276058,beach diving_board toaster
9005193644318098,fireplace flashlight lantern
9005216523489885,mouth tooth boomerang
9005216544396759,watermelon bear onion
9005225665432938,tractor binoculars snorkel
9005252584630266,tractor train pickup_truck
9005255602916909,belt mug canoe
9005260565668659,television rollerskates radio
9005268502747379,toothbrush toothpaste radio
9005269429790623,rain cloud streetlight
9005276465850736,The_Great_Wall_of_China piano castle
9005285548760294,saxophone belt clarinet
9005289508695171,cello violin guitar
9005302525992698,tiger raccoon purse
9005316500487268,bottlecap wine_bottle paint_can
9005331561022487,compass bee clock
9005349563596539,tornado hurricane marker
9005349567107304,drums binoculars lightning
9005350669481629,arm leg toe
9005353606167461,bed calculator calendar
9005361629921459,golf_club nose knee
9005364602152551,goatee beard ice_cream
9005385527479685,cow horse rhinoceros
9005389404093634,rake golf_club hockey_stick
9005411586993511,chandelier lobster jacket
9005422506585835,cow tooth zebra
9005428402135003,elbow zigzag envelope
9005437506942425,marker pencil skyscraper
9005446529169837,drums paint_can dishwasher
9005454642683377,whale dolphin submarine
9005464667143060,stereo door snail
9005470548578749,sleeping_bag bed stereo
9005476684488448,megaphone stethoscope trumpet
9005483529921877,dresser spreadsheet calculator
9005513686134347,stop_sign pillow fan
9005525661634330,lion fire_hydrant tiger
9005526669276736,crab pig lobster
9005526680205367,tornado hurricane pineapple
9005530602329531,watermelon hot_dog canoe
9005534640326986,triangle snowflake tent
9005535669886914,bridge beach speedboat
9005537529108439,mosquito bee ant
9005540600650567,broom paintbrush rake
9005542629564029,compass bee clock
9005545508446561,tree palm_tree flower
9005558486360168,owl camel penguin
9005562644187414,cake birthday_cake clarinet
9005568546006159,stethoscope headphones wine_glass
9005589465033158,ambulance tree police_car
9005606640702356,spider bandage crab
9005615463782604,roller_coaster sleeping_bag raccoon
9005628506528049,school_bus piano bus
9005639448131085,drums lightning binoculars
9005642580437626,pond pool jail
9005647421525789,horse dolphin duck
9005647688208193,shark dolphin whale
9005650621168165,crown chair radio
9005656506758044,rollerskates steak truck
9005674546804590,cat bird tiger
9005679482946972,kangaroo yoga mermaid
9005680502559954,dumbbell leg trumpet
9005690600420775,leg spreadsheet sock
9005691604452317,tennis_racquet cactus popsicle
9005697582773718,bandage tractor bread
9005702602342023,clarinet cello campfire
9005712506355057,snail truck camera
9005740584699836,school_bus car bus
9005743567799280,octagon hexagon sock
9005746480207688,goatee beard wristwatch
9005747500407401,book beach postcard
9005748548975655,duck parrot bird
9005753648321587,wheel violin pizza
9005776642455210,postcard passport microwave
9005780567529706,windmill mailbox fan
9005789425361544,radio stereo submarine
9005799540550022,pizza potato wheel
9005800540512061,crocodile stairs shark
9005801542833574,fan cooler ceiling_fan
9005813682336739,bottlecap wine_bottle vase
9005815523639037,eraser hockey_stick bandage
9005823608885422,rhinoceros flying_saucer cruise_ship
9005826680017524,piano bridge couch
9005828506771526,mailbox shorts hammer
9005832642031565,cactus calendar butterfly
9005844669276943,teapot snail butterfly
9005858567772235,snorkel picture_frame saxophone
9005859408444470,toilet calculator bucket
9005859569481070,soccer_ball matches baseball
9005873684488868,river snake peanut
9005878429904576,mermaid The_Eiffel_Tower tent
9005881527663604,scorpion squiggle sheep
9005884544331329,sheep flamingo broccoli
9005886408231941,cello violin guitar
9005907440700225,door blackberry remote_control
9005927446293735,grapes blackberry blueberry
9005929444379665,skull drill face
9005955667500283,airplane hockey_puck helicopter
9005973602344747,picture_frame cell_phone telephone
9005997542628478,grapes blackberry blueberry
9005998529353011,pineapple screwdriver strawberry
9006014665643923,soccer_ball basketball fan
9006018427032116,fan popsicle cooler
9006037667966537,raccoon panda cat
9006040646802881,purse suitcase basket
9006041644523530,truck pickup_truck ambulance
9006051665415863,monkey frog dog
9006055508482209,tree keyboard broccoli
9006070642438356,circle octagon blueberry
9006101661210035,bread beard stop_sign
9006117484402966,harp onion watermelon
9006118482123615,vase cello violin
9006120565833247,radio oven stereo
9006124663533639,bracelet potato circle
9006132506796617,rollerskates steak tractor
9006148527435352,clock washing_machine compass
9006150508617443,wine_bottle marker candle
9006154567542420,streetlight piano keyboard
9006159569656326,brain chair hedgehog
9006160500658144,airplane hockey_puck helicopter
9006168488200139,garden windmill flower
9006171504644587,suitcase toaster dishwasher
9006186488854644,birthday_cake hot_tub cake
9006198482581140,owl camel face
9006216429121320,lighthouse lantern lollipop
9006216563385960,screwdriver drill drums
9006216584214591,donut ceiling_fan onion
9006225502131878,parachute stethoscope wheel
9006236625952752,campfire fireplace arm
9006238469048402,baseball yoga basketball
9006241588626160,face smiley_face toothpaste
9006242504686323,ant scorpion peas
9006243525958478,bicycle carrot motorbike
9006275446270792,picture_frame dishwasher oven
9006284644316917,cup mug coffee_cup
9006291540702968,calendar chandelier keyboard
9006292646272041,hexagon octagon sock
9006293629397709,jail fence swing_set
9006305465609747,eyeglasses wristwatch drums
9006319446405300,grass line ocean
9006336544989864,cello violin guitar
9006384600407426,toaster cooler purse
9006391588495378,sweater t-shirt castle
9006392680456676,animal_migration telephone lightning
9006398406374276,baseball_bat pencil marker
9006421548760271,lollipop crayon wine_glass
9006426440366040,television computer book
9006442686151838,dog cat animal_migration
9006448444926580,garden megaphone bowtie
9006470548538085,oven stove microwave
9006472544924645,passport computer postcard
9006530629507624,traffic_light panda streetlight
9006531602722491,rake broom camera
9006537469485486,necklace nose chandelier
9006545648971431,castle raccoon church
9006552548977157,flashlight trombone whale
9006553567527427,hockey_puck steak pool
9006580525511918,banana parrot onion
9006607682961369,cooler passport couch
9006617588685412,ocean animal_migration see_saw
9006618404017889,sword scissors ladder
9006632582165036,boomerang elbow pliers
9006635406583191,giraffe flamingo camel
9006645565229182,skateboard school_bus coffee_cup
9006655646840489,flower lion fire_hydrant
9006672686552312,skyscraper marker lipstick
9006674640113486,sock hexagon octagon
9006698448912928,trumpet trombone whale
9006707567352958,shorts pants swing_set
9006713529397557,penguin parrot kangaroo
9006716648551398,sweater t-shirt stitches
9006716661279280,shorts underwear tiger
9006717686151201,bus school_bus firetruck
9006722600696987,shovel church rake
9006730667907498,sea_turtle sink crab
9006735648192863,book lantern passport
9006739400692704,bathtub cooler basket
9006746469270809,fire_hydrant fireplace sweater
9006748569863513,school_bus bus tractor
9006755427034834,pond compass pool
9006786469449192,helicopter bathtub submarine
9006789482507043,parrot penguin elbow
9006800502325900,eyeglasses teddy-bear binoculars
9006803584446012,matches cloud candle
9006809425511135,popsicle The_Great_Wall_of_China floor_lamp
9006809469046980,cookie lobster potato
9006813621542453,sandwich hamburger toe
9006814621985977,pants sink purse
9006817648532935,tornado hurricane pineapple
9006837688662078,pizza potato watermelon
9006845521926056,necklace eyeglasses bracelet
9006858448918688,toilet basket beard
9006859484885715,stop_sign pillow lollipop
9006861548388834,carrot birthday_cake ice_cream
9006868508632022,zigzag squiggle saw
9006878429984560,peanut hot_tub cookie
9006887567358406,oven stove dresser
9006888427226496,fence stitches hexagon
9006892542647805,raccoon helmet panda
9006897523844937,tooth monkey camel
9006906629566975,table bench bed
9006908446088061,cake birthday_cake cruise_ship
9006912602519448,toilet calculator bucket
9006916429351118,binoculars cake tractor
9006925584043800,pants The_Eiffel_Tower flip_flops
9006939444314461,keyboard jacket computer
9006970569443018,toilet calculator bucket
9006979523827444,hot_tub cooler basket
9007000602156121,palm_tree baseball basketball
9007009482967066,teddy-bear goatee bear
9007012500656078,lighthouse diving_board swing_set
9007053525785615,shoe oven waterslide
9007060529921090,traffic_light horse zebra
9007062629524794,cookie lobster potato
9007095446061641,baseball yoga basketball
9007096504496093,blueberry bottlecap apple
9007101684809901,firetruck postcard bus
9007105584062609,chandelier butterfly onion
9007108523637197,belt mug bandage
9007111621396225,lightning river zigzag
9007122508446774,map swing_set picture_frame
9007128482167311,blueberry smiley_face bowtie
9007140521373474,hot_dog asparagus harp
9007143642248234,snowflake hourglass star
9007144502116225,broom paintbrush tennis_racquet
9007198500409918,pineapple screwdriver strawberry
9007202544335771,church house hurricane
9007203586592043,candle matches crocodile
9007213602781511,asparagus hot_dog The_Eiffel_Tower
9007217400082528,flashlight trombone binoculars
9007218569631866,ear peanut paper_clip
9007255406100995,bench piano The_Great_Wall_of_China
9007284586305092,bulldozer binoculars van
9007312504057342,calendar laptop computer
9007313646865156,pond cookie hedgehog
9007320527832097,crown camouflage fireplace
9007322508611919,light_bulb snorkel lighthouse
9007323540999838,cooler piano barn
9007331642474099,hockey_puck hot_tub bucket
9007339423842401,hot_air_balloon mouse light_bulb
9007342582376808,sailboat speedboat telephone
9007345440341586,motorbike carrot bus
9007350508862671,sleeping_bag steak soccer_ball
9007355488430919,rake chandelier zebra
9007361642601429,light_bulb snorkel lighthouse
9007365563761980,spider bandage crab
9007366469886513,hospital church circle
9007369408461102,banana palm_tree bird
9007377504646028,face smiley_face toothpaste
9007401580492375,stethoscope wine_glass lollipop
9007414540917772,candle crocodile lipstick
9007431684847507,jail piano calendar
9007444684218752,leg knee banana
9007455669274221,drums lightning stove
9007464608020139,couch bulldozer firetruck
9007485600468066,matches book eraser
9007507546251934,The_Eiffel_Tower mermaid tent
9007528427032555,bed couch fence
9007529506374861,telephone leg knee
9007533527498045,see_saw garden_hose saw
9007537482184462,backpack windmill barn
9007539423027545,horse traffic_light zebra
9007541688016780,helmet angel microphone
9007554506108323,ocean garden camouflage
9007555406923810,peanut steak hot_tub
9007574646846583,tiger zebra purse
9007581606524688,sock hockey_stick bush
9007590684294587,calendar basket chandelier
9007598467373027,broom rake shovel
9007599521109694,snail truck camera
9007600542077508,golf_club hockey_stick telephone
9007600629988301,face smiley_face toothpaste
9007605467103126,cat tiger bird
9007646482332762,square table postcard
9007647408292925,coffee_cup mug hot_tub
9007648529716543,spider snowflake mosquito
9007665404891868,lantern lollipop lighthouse
9007666688073105,spider crab octopus
9007707408630906,strawberry shovel blackberry
9007736500863624,clarinet trumpet whale
9007738540784059,knee elbow boomerang
9007757425918300,diving_board pool shoe
9007782621759985,beach ocean pool
9007782682524365,candle crocodile matches
9007788588052865,school_bus bus firetruck
9007816661887396,coffee_cup mug teapot
9007827680490478,peas string_bean backpack
9007836565854133,firetruck pickup_truck truck
9007837602340396,barn toaster mushroom
9007844506946877,fireplace flashlight lantern
9007865529102778,lightning boomerang binoculars
9007879446616187,ant peas scorpion
9007879588079600,kangaroo cello rabbit
9007895621757263,car van eyeglasses
9007918404899040,clarinet campfire cello
9007936400409973,candle matches crocodile
9007948506355625,power_outlet snail washing_machine
9007950623690113,foot toe arm
9007951548933248,steak peanut bee
9007954604454611,house_plant cactus parrot
9007956688812659,cell_phone telephone bridge
9007976506507387,skateboard school_bus bus
9007988588227900,hockey_puck hot_tub bathtub
9007990546869351,steak peanut bee
9007999404680432,chair candle table
9008010663934539,raccoon panda bear
9008014563197137,sweater jacket stitches
9008015506355498,face goatee skull
9008026629108030,spider ant mosquito
9008027442012724,bat power_outlet dragon
9008040604095959,cruise_ship speedboat sailboat
9008045502971063,trombone trumpet whale
9008054525110233,lighthouse zebra windmill
9008071608275687,cannon eyeglasses truck
9008075504819411,toaster dresser hamburger
9008076408254772,cat tiger raccoon
9008079567354262,blackberry grapes blueberry
9008101663951473,fan popsicle ceiling_fan
9008110525707146,octopus onion octagon
9008117546825693,snail truck camera
9008158529129745,bear beard panda
9008165500825471,sock rollerskates hockey_stick
9008185563573596,pickup_truck school_bus bus
9008186588413002,skyscraper cooler door
9008215642683920,crab lobster pig
9008215665202912,camel peanut sweater
9008233567504611,bird parrot duck
9008238404625345,brain camouflage airplane
9008255648152549,backpack octopus cell_phone
9008258446445839,ear paper_clip donut
9008261527897867,grapes blackberry blueberry
9008276600654728,watermelon bear onion
9008294661617058,basket chandelier keyboard
9008311580878291,envelope postcard suitcase
9008314606332268,stairs The_Mona_Lisa star
9008316504811819,panda streetlight traffic_light
9008325444738950,dolphin ladder shark
9008326442459609,dresser spreadsheet calculator
9008328565681162,matches asparagus rake
9008334621945653,bicycle dumbbell leg
9008349548990215,speedboat pear sailboat
9008352644772353,sleeping_bag eraser bed
9008355648701329,stethoscope headphones wine_glass
9008375482184029,vase wine_bottle pear
9008375586303911,mermaid dragon kangaroo
9008376688284976,bowtie scissors ceiling_fan
9008388463537057,teapot coffee_cup mug
9008403669069100,hedgehog sailboat bee
9008409500213565,cruise_ship hammer speedboat
9008412521983215,snorkel picture_frame saxophone
9008465461862223,bench bed diving_board
9008474669886789,strawberry shovel pineapple
9008489406353198,hot_air_balloon mouse light_bulb
9008491627817478,axe cooler lipstick
9008497486303349,key saw pizza
9008515544588187,barn door house
9008532602116246,binoculars cake tractor
9008534582376040,radio stereo submarine
9008539584469288,canoe hot_dog lion
9008549467586107,key pizza saw
9008551563993063,dishwasher cooler spreadsheet
9008555588204184,raccoon squirrel cat
9008562582507045,mouth tooth castle
9008567480492149,chair crown popsicle
9008576480013327,The_Eiffel_Tower mermaid tent
9008579463113761,skyscraper square remote_control
9008589402302104,television rollerskates radio
9008589488662454,sock rollerskates bush
9008597502175137,watermelon bear pizza
9008603646694694,ocean river moustache
9008609427097339,cup coffee_cup paint_can
9008609544924223,t-shirt sweater castle
9008620606336402,feather leaf guitar
9008632542071089,flip_flops bicycle baseball
9008633604095539,bench grass ocean
9008634525728899,tornado pineapple hurricane
9008641646888302,bridge rainbow moustache
9008646604456784,sword scissors paintbrush
9008672580496741,leg knee telephone
9008674669082681,postcard passport picture_frame
9008676402557213,speedboat toothpaste bathtub
9008676506775115,smiley_face mouth face
9008679486368775,bottlecap The_Great_Wall_of_China train
9008694667377220,elbow arm foot
9008709406718587,rabbit paper_clip kangaroo
9008717502971846,broccoli firetruck flower
9008723661824454,stove dishwasher dresser
9008724686706374,ambulance police_car tractor
9008733561279039,pencil crayon asparagus
9008749423215728,calendar fence castle
9008765427038866,snail truck camera
9008782688894584,cooler postcard keyboard
9008805665873390,angel fan jacket
9008810623865690,tiger zebra purse
9008812521333593,table chair dresser
9008826408889496,lion fire_hydrant line
9008827648515210,cup teapot coffee_cup
9008828542050571,lighthouse barn house
9008840521563598,pond nose cloud
9008844602956881,basketball wheel pizza
9008855440341926,paper_clip string_bean baseball_bat
9008857425709864,pool baseball_bat whale
9008858548576046,hockey_stick golf_club bicycle
9008883565628354,bracelet necklace sea_turtle
9008906642246945,beach bed toothbrush
9008915686360331,stairs The_Mona_Lisa star
9008916608632486,watermelon bear onion
9008924527287472,washing_machine dishwasher camera
9008925640176302,pants broom shorts
9008951523407593,frying_pan helicopter tennis_racquet
9008959525939690,windmill garden postcard
9008985529794883,calendar spreadsheet jail
9008987548709345,stereo radio rainbow
9008990525933571,goatee wristwatch beard
9009000561423389,church bread hospital
9009001608841958,apple cow pear
9009005667755187,windmill mailbox palm_tree
9009013642415103,windmill microphone lighthouse
9009015644189140,bear raccoon mouse
9009025561822914,calendar castle fence
9009025561843671,spider mosquito bandage
9009036442681248,underwear t-shirt anvil
9009044642073309,nose hat necklace
9009049529942539,hourglass peanut vase
9009050588873232,finger toe sleeping_bag
9009052504832112,ear telephone paper_clip
9009053561005334,bracelet necklace underwear
9009116604224048,The_Great_Wall_of_China animal_migration train
9009137588626181,The_Eiffel_Tower mermaid tent
9009143584296636,elbow baseball arm
9009151625918175,toothpaste floor_lamp matches
9009153548992707,house_plant shovel church
9009174544920841,strawberry shovel blackberry
9009182640115767,shovel church rake
9009198442478087,broccoli bowtie envelope
9009203500272013,purse toilet computer
9009211508429262,smiley_face power_outlet swing_set
9009216521561889,lion fire_hydrant tiger
9009220663111064,pig anvil cow
9009224563364652,hat flying_saucer suitcase
9009228440978501,television rollerskates radio
9009229586307189,swan duck bird
9009230629528153,spreadsheet basket tennis_racquet
9009277425150534,flashlight lantern spider
9009291563341274,harp watermelon onion
9009291680209716,sheep cow dog
9009299588491363,coffee_cup cup backpack
9009304680853569,duck motorbike swan
9009315523466406,bathtub hot_tub pool
9009316484045515,ceiling_fan smiley_face fan
9009320629102563,table chair bench
9009332521333933,cookie bush potato
9009335548958143,cell_phone telephone calculator
9009350500614020,rain star streetlight
9009366406184574,diving_board dishwasher square
9009372548720183,toothpaste pencil crayon
9009374588641509,dresser calculator spreadsheet
9009375461237481,eyeglasses teddy-bear car
9009380540765440,mountain triangle skyscraper
9009385404036688,dishwasher microwave speedboat
9009424688664562,flashlight cannon lightning
9009425423428445,cannon fireplace canoe
9009425561271203,toilet calculator bucket
9009427567546015,sink skateboard dishwasher
9009441602158638,fork flower spoon
9009441625787387,eraser sleeping_bag flip_flops
9009451529790412,arm elbow bench
9009455563119650,whale microphone submarine
9009458480247580,saxophone snorkel garden_hose
9009463586993306,bandage tractor flying_saucer
9009486480498243,shoe map flying_saucer
9009496544713441,lollipop lantern lighthouse
9009503588077306,bed couch fence
9009505446677792,camouflage broccoli fireplace
9009509406503779,rain star streetlight
9009553608024374,flashlight fireplace lantern
9009554629374762,garden train roller_coaster
9009556427224538,flashlight fireplace stove
9009600642647613,scorpion squiggle lobster
9009607684672044,square elbow eye
9009620546614459,ceiling_fan smiley_face fan
9009625565056112,school_bus van pickup_truck
9009638504642097,suitcase basket purse
9009641508005970,mosquito spider ant
9009645640320238,anvil frog computer
9009647427241472,flamingo swan duck
9009649467183555,shoe foot peanut
9009653625958495,The_Eiffel_Tower mermaid tent
9009667563301526,baseball_bat hockey_stick string_bean
9009669400004059,mushroom table umbrella
9009673629564027,foot shoe duck
9009679486349769,tooth monkey camel
9009714529752495,bush cloud eraser
9009721502158482,power_outlet snail washing_machine
9009748567985180,teddy-bear eyeglasses binoculars
9009778569823638,octagon hexagon sock
9009797465267968,keyboard oven laptop
9009811546299073,skateboard school_bus bus
9009817529718619,binoculars eyeglasses teddy-bear
9009819440993504,skateboard bus firetruck
9009826684488653,sock foot shoe
9009827502532907,microwave rabbit oven
9009834506756525,pool hot_tub bathtub
9009849527030088,penguin map owl
9009852621101009,swing_set blueberry see_saw
9009855429372631,remote_control skyscraper calculator
9009855463919154,mouse whale dolphin
9009872582332340,house_plant shovel rake
9009882640366213,cooler passport calculator
9009932667989995,feather leaf guitar
9009934548139042,fence hexagon stitches
9009934665075926,pear The_Eiffel_Tower headphones
9009940588246110,traffic_light panda streetlight
9009952621738021,panda owl ice_cream
9009958446656611,apple cow pear
9009963642685656,garden windmill flower
9009999588643809,sea_turtle crocodile crab
9010000523234987,calendar spreadsheet chandelier
9010005527059902,book door dresser
9010011680602484,peas hot_tub cookie
9010013688687315,guitar steak zebra
9010031529104086,picture_frame tornado dishwasher
9010034606522323,snake microphone tennis_racquet
9010066423637303,chair swing_set computer
9010073586533300,stethoscope headphones hot_air_balloon
9010075686136014,cooler stereo radio
9010089546485908,lightning flashlight zigzag
9010125602709359,shark dolphin whale
9010132561020128,toothpaste shoe trumpet
9010147688223591,traffic_light stove dishwasher
9010149400880359,broom rake shovel
9010164602707667,bench table candle
9010165461423195,school_bus van pickup_truck
9010169440999625,microphone tennis_racquet cactus
9010175484638225,camouflage airplane map
9010175584256352,hospital church circle
9010175682184029,pig dog rhinoceros
9010176444145001,lightning flashlight zigzag
9010185686727838,jacket sweater stitches
9010187546048353,matches asparagus rake
9010196627247783,giraffe chair flamingo
9010200623027169,church bread hospital
9010203584670945,hammer cruise_ship speedboat
9010214548741208,leaf banana feather
9010243502198743,rake broom shovel
9010255542073970,lollipop crayon wine_glass
9010262661402607,rollerskates steak truck
9010269544776307,shorts mailbox hammer
9010296486592617,mosquito bee scissors
9010314542077337,eye sheep alarm_clock
9010315663784161,garden windmill beach
9010318482167773,hospital house lighthouse
9010325429106139,crocodile dragon rhinoceros
9010326461406806,carrot birthday_cake ice_cream
9010333629509947,oven microwave computer
9010337584216032,octagon hexagon piano
9010350600278385,mosquito bee ceiling_fan
9010357444757903,bucket feather paint_can
9010360527899302,castle raccoon church
9010371529106384,bench table bed
9010383667987421,drums lightning binoculars
9010385527209936,chandelier calendar butterfly
9010397484862145,smiley_face frog face
9010403506773611,smiley_face ear nose
9010408565052122,rain chandelier dishwasher
9010421667375726,firetruck postcard ambulance
9010425540389800,stethoscope headphones telephone
9010433569485448,swing_set blueberry see_saw
9010437446000496,television book computer
9010446563535701,parachute lobster motorbike
9010447463360208,owl goatee dog
9010455623827277,sweater jacket t-shirt
9010457504076314,cloud bottlecap ocean
9010464646044789,tennis_racquet cactus microphone
9010470580243594,stitches cell_phone ladder
9010487402785969,bulldozer tractor rollerskates
9010490544981610,school_bus bus train
9010505663199600,drums toilet bucket
9010525502781302,nail microphone ice_cream
9010555602536768,t-shirt sweater castle
9010579427684724,snail truck camera
9010584661294207,radio cooler chair
9010590627819903,laptop basket calendar
9010605569409820,cannon fireplace canoe
9010612529186925,square postcard suitcase
9010624569040405,cannon stethoscope canoe
9010650544987370,zebra horse traffic_light
9010672604640192,wheel hot_dog hamburger
9010673646829012,frying_pan spoon tennis_racquet
9010690682900512,hamburger sandwich hot_dog
9010695486598371,swan parrot duck
9010695525342139,butterfly square mosquito
9010708465246251,tooth monkey camel
9010715408674832,headphones motorbike skull
9010741608296368,microphone snake tennis_racquet
9010752629501568,stove dishwasher oven
9010778500806615,pliers scissors hourglass
9010781508214289,shark dolphin whale
9010786486537963,key pizza saw
9010796463951036,golf_club hockey_stick bicycle
9010809584062438,book passport barn
9010815606779316,coffee_cup mug teapot
9010815682140766,baseball potato map
9010821627857509,wine_glass cup wine_bottle
9010825463729053,headphones telephone purse
9010827425578000,monkey lion squirrel
9010830688221409,cow tooth tiger
9010832500407293,garden_hose snake toothpaste
9010835565200639,hourglass skull vase
9010836529395422,castle church raccoon
9010851586320876,cookie smiley_face nail
9010856467909771,elbow baseball arm
9010876646422457,cake birthday_cake cruise_ship
9010882680228532,tornado hurricane marker
9010907406904610,mushroom cooler anvil
9010916406503140,campfire fireplace arm
9010924567141543,dolphin parrot crocodile
9010925648173220,violin cello guitar
9010928469639694,trombone trumpet bulldozer
9010933663769983,hurricane tornado camouflage
9010941504243601,postcard face keyboard
9010942602515891,wine_glass cup floor_lamp
9010947582182149,frog snowman crab
9010955602975057,arm dolphin elbow
9010956527228182,giraffe chair flamingo
9010965467145324,eyeglasses moustache bowtie
9010976444903901,blueberry blackberry streetlight
9010982680876312,bridge roller_coaster helicopter
9010989529583831,underwear canoe screwdriver
9010998469401082,firetruck postcard ambulance
9011000546823963,police_car ambulance car
9011011544529081,helicopter bathtub bicycle
9011049400234221,lantern fire_hydrant sweater
9011054567734658,tooth cow zebra
9011055448530270,snail truck garden_hose
9011069546272617,jacket calendar laptop
9011086427281503,traffic_light panda streetlight
9011100580017509,calendar spreadsheet keyboard
9011104584467341,fire_hydrant sweater lantern
9011106646846182,snowflake hourglass star
9011108440195183,crab teapot hedgehog
9011138402175135,mug coffee_cup teapot
9011152629967039,crayon pencil cup
9011155521567563,bridge The_Great_Wall_of_China piano
9011167423698933,asparagus clarinet crayon
9011172588497252,flower microwave house_plant
9011173604097200,wine_bottle kangaroo wine_glass
9011219563533422,snake dragon duck
9011221565643144,pear The_Eiffel_Tower violin
9011223540111182,hourglass skull envelope
9011229540978142,parachute stethoscope wheel
9011232529792739,flower microwave house_plant
9011234606777451,cup coffee_cup cookie
9011234663932066,kangaroo cello rabbit
9011250644147113,clock compass smiley_face
9011253684402162,trumpet trombone bandage
9011261548593761,hockey_stick golf_club cell_phone
9011265602768208,scorpion lobster crab
9011266621318577,bracelet necklace eyeglasses
9011274508049826,pants calculator table
9011293563155545,power_outlet traffic_light streetlight
9011309525971112,stop_sign pillow fan
9011311669466014,zebra bee alarm_clock
9011314506503161,sword scissors ladder
9011315608463469,cooler toaster couch
9011339488075802,eraser hockey_stick sandwich
9011346586518322,popsicle The_Great_Wall_of_China sword
9011361548152541,see_saw garden_hose saw
9011365508087428,eraser crayon pencil
9011378463362375,stereo radio submarine
9011387442075689,compass clock bee
9011393646082938,tornado hurricane marker
9011406482737401,stairs hockey_stick hockey_puck
9011411565854576,backpack octopus cell_phone
9011423644504129,yoga fireplace campfire
9011425567588650,necklace eyeglasses bracelet
9011432506338134,feather finger asparagus
9011436542645129,mermaid The_Eiffel_Tower scissors
9011441540573277,toilet calculator bucket
9011460544736274,lion fire_hydrant hedgehog
9011460561043373,cookie potato lobster
9011472502918401,flamingo watermelon duck
9011500580456887,lighthouse zebra windmill
9011553567377435,bandage tractor eye
9011563627091868,cannon fireplace canoe
9011571602720136,dishwasher washing_machine canoe
9011588588626987,pig anvil cow
9011596525139525,paper_clip penguin ear
9011600640765298,calculator traffic_light passport
9011640529397914,school_bus The_Great_Wall_of_China bus
9011651608672384,apple cow pear
9011670608214859,watermelon harp basketball
9011678480492398,umbrella fork rake
9011685504452547,feather backpack harp
9011707682338632,camouflage map airplane
9011744627625438,palm_tree carrot birthday_cake
9011759486788071,stitches feather ladder
9011768486309259,lightning drums stove
9011789427851259,sink skateboard dishwasher
9011791669253160,sailboat mouth moustache
9011796442092731,pickup_truck police_car diamond
9011798427450779,skull drill face
9011820669021287,bed diving_board dresser
9011822506735468,hockey_stick golf_club bicycle
9011822665417747,snorkel picture_frame saxophone
9011824580203407,finger skyscraper streetlight
9011827646614879,submarine suitcase shoe
9011837465438886,watermelon bear onion
9011854682758981,owl monkey squirrel
9011876423428251,angel knee butterfly
9011888429756865,toothpaste toothbrush radio
9011904686763782,parrot penguin map
9011907648956263,compass clock bee
9011935446061457,birthday_cake carrot ice_cream
9011935461678095,campfire fireplace fire_hydrant
9011935488896842,wine_glass stethoscope lollipop
9011941540550678,tractor van ambulance
9011954500084085,asparagus pencil crayon
9011959523027503,t-shirt sweater castle
9011971546086143,snowman grass snowflake
9011973669219596,hurricane onion pineapple
9011978429351933,blueberry door compass
9011982646299035,streetlight fork finger
9012000569422949,sailboat hedgehog bee
9012004508440062,megaphone flashlight spider
9012004584801313,lighthouse zebra fire_hydrant
9012006400696962,sun megaphone spider
9012007684847541,coffee_cup mug cup
9012016442474412,golf_club hockey_stick cell_phone
9012027669424297,hammer mosquito axe
9012076561484192,parrot bird roller_coaster
9012088408041428,violin guitar cello
9012109406942421,watermelon bear pizza
9012110640702926,tiger teddy-bear bear
9012118440119122,blackberry grapes dumbbell
9012122640729557,hot_dog flying_saucer bathtub
9012126508047750,sweater jacket stitches
9012127484233508,pickup_truck tractor school_bus
9012143621149953,finger bread remote_control
9012148463932885,chair stairs cake
9012155406313881,passport postcard computer
9012168482165055,ear potato necklace
9012171625979723,ceiling_fan fan smiley_face
9012176402340926,rain star streetlight
9012194644521293,ceiling_fan smiley_face fan
9012215582750908,camel peanut sweater
9012221604498543,ear bulldozer smiley_face
9012247427602871,moustache mountain snake
9012249444905215,paint_can basket cup
9012249484841063,squiggle scorpion sheep
9012253525789010,hospital castle circle
9012253546618631,knee leg tennis_racquet
9012263661807119,windmill garden flower
9012264629969331,calculator remote_control hospital
9012265508400732,compass bee clock
9012266446460859,horse traffic_light zebra
9012272563598620,snorkel picture_frame saxophone
9012274565284425,beard bread stop_sign
9012278486324239,owl camel penguin
9012280665073871,sleeping_bag pool postcard
9012288408294805,violin peanut cello
9012295582129333,shark dolphin whale
9012296580851839,camouflage jacket map
9012325444586227,kangaroo cello rabbit
9012337602114993,firetruck postcard train
9012352527684726,compass bee alarm_clock
9012355565269215,asparagus paintbrush rake
9012358548369659,trombone trumpet clarinet
9012383567755521,whale microphone dolphin
9012401546675013,passport book spreadsheet
9012413623614537,asparagus pencil stairs
9012427484045764,computer television book
9012435546673177,dog goatee owl
9012442561826317,rhinoceros dog dragon
9012443548530291,teddy-bear panda bear
9012453663729669,cannon fireplace canoe
9012493646690054,violin screwdriver paintbrush
9012495642075856,The_Great_Wall_of_China animal_migration tooth
9012496663347902,saxophone waterslide belt
9012511648783611,purse basket helmet
9012519563326672,flamingo watermelon duck
9012521663343304,bridge helicopter rainbow
9012523600675612,leaf feather banana
9012534602950937,star cannon stairs
9012535463911919,hat swan suitcase
9012555406752170,toothbrush basketball toothpaste
9012574521540178,screwdriver marker lipstick
9012579440343046,watermelon basketball onion
9012590525363217,television radio rollerskates
9012595686138734,helmet basketball purse
9012598544124170,squirrel raccoon monkey
9012602544582653,drums lightning stove
9012612602517526,washing_machine canoe dishwasher
9012645648329797,bat angel spider
9012654627011454,teddy-bear goatee bear
9012661582549899,shorts pants tiger
9012665427249011,umbrella diving_board parachute
9012694540389692,car motorbike tractor
9012702500694810,crown castle fence
9012723588035393,church windmill lantern
9012727461218281,toe foot horse
9012728448933814,ceiling_fan smiley_face fan
9012735688839856,cloud matches asparagus
9012741586157594,spider crab bandage
9012750542666076,carrot birthday_cake ice_cream
9012775688018240,cat tiger raccoon
9012776567926863,ocean squiggle animal_migration
9012776648536773,hammer mailbox drill
9012798488206043,lightning flashlight calendar
9012815482756204,frying_pan helicopter cannon
9012816661617647,stove oven dishwasher
9012823600466121,finger sleeping_bag remote_control
9012826629378399,frying_pan helicopter cannon
9012836669802385,fish dog whale
9012838584697935,squirrel raccoon animal_migration
9012844567540508,hourglass duck scissors
9012856480667093,saxophone waterslide banana
9012870565016465,bat power_outlet butterfly
9012870608469987,asparagus skyscraper streetlight
9012886608279002,vase sword hourglass
9012898484233390,bus school_bus firetruck
9012902680458117,washing_machine canoe dishwasher
9012912680412919,river peanut waterslide
9012916529779489,camel peanut sweater
9012931602971025,house barn hamburger
9012934606988233,sheep scorpion squiggle
9012934684081469,animal_migration bat stitches
9012945484210126,square suitcase eye
9012955661446193,frying_pan fan brain
9012956482906234,baseball_bat string_bean pencil
9012961548705543,door square book
9012966402175781,stitches ladder bridge
9012990546610469,snorkel picture_frame saxophone
9012998406777286,cannon fireplace canoe
9013003665839307,face smiley_face toothpaste
9013008523888652,triangle tent mountain
9013015467331091,jacket sweater brain
9013016444145866,dog elephant cat
9013036523040415,flip_flops bicycle baseball
9013042606522762,chandelier pickup_truck binoculars
9013044608296700,apple cow pear
9013051508214283,bridge stitches grass
9013075427669383,calendar cell_phone telephone
9013079569884631,coffee_cup mug teapot
9013082502572254,dumbbell leg eyeglasses
9013088542265305,zebra tiger bracelet
9013105584841295,pants tooth shorts
9013111546808542,bear pizza watermelon
9013113646401356,dumbbell leg eyeglasses
9013115402515627,tree keyboard broccoli
9013116400257033,pizza potato wheel
9013126421107941,mosquito bee scissors
9013142563784505,cruise_ship hammer sailboat
9013154546483479,pool hot_tub bathtub
9013155429902867,vase sword house_plant
9013172629982458,remote_control owl calculator
9013173606739648,passport computer postcard
9013193544331340,donut hurricane brain
9013209463725042,school_bus bus train
9013211502998051,garden_hose snake roller_coaster
9013225444920298,octagon hexagon piano
9013227584469641,lobster angel mermaid
9013234506902126,scorpion squiggle sheep
9013249540993561,bee alarm_clock mosquito
9013253604471367,hurricane tornado marker
9013259465835127,nose pond shoe
9013265642624619,ceiling_fan smiley_face fan
9013266667506539,camouflage map soccer_ball
9013269400424784,television rollerskates radio
9013270688620803,pig anvil cow
9013276623002070,tennis_racquet cactus microphone
9013280600679621,diamond parachute ambulance
9013293669025885,snowflake hourglass star
9013301525190453,sweater fire_hydrant lantern
9013310548329523,rainbow bridge fan
9013320644588126,canoe belt The_Great_Wall_of_China
9013339425363863,ice_cream hot_dog bucket
9013348469487159,bed couch The_Great_Wall_of_China
9013356500219688,mermaid dragon kangaroo
9013364588457711,helmet tractor toilet
9013366602768417,bicycle motorbike carrot
9013380548724346,eraser remote_control crayon
9013396565831559,broom rake shovel
9013405402363181,eraser pencil marker
9013415402306136,stop_sign mailbox pillow
9013415548369423,bottlecap wine_bottle vase
9013418588624472,mouse moustache car
9013425642620479,stereo radio submarine
9013437406986334,clarinet asparagus campfire
9013446565267143,candle paint_can feather
9013448584250047,stove oven dresser
9013461540510354,sailboat speedboat telephone
9013467467966385,moon circle snowman
9013482627057209,blueberry motorbike peas
9013490569232044,soccer_ball baseball drums
9013493565071138,rake broom camera
9013497486132699,airplane hockey_puck helicopter
9013505623065989,camouflage fireplace airplane
9013522504074875,binoculars cake tractor
9013534548559777,mailbox axe fire_hydrant
9013546604648913,grapes peas drums
9013550580608546,cow monkey panda
9013564604857621,dresser calculator jacket
9013577423021696,squiggle ocean animal_migration
9013584565098962,microphone tennis_racquet snake
9013584646698872,bee zebra alarm_clock
9013595686119728,octopus onion octagon
9013605429756082,sheep eye eyeglasses
9013628586151201,car truck bulldozer
9013634608868188,helicopter bathtub television
9013650642455617,waterslide river oven
9013652686159265,van police_car school_bus
9013655484442655,castle piano The_Great_Wall_of_China
9013656500021945,hammer palm_tree mailbox
9013660661887523,elbow arm baseball
9013665542455860,triangle The_Eiffel_Tower pants
9013669404452180,microphone snake tennis_racquet
9013670584820532,hat flying_saucer suitcase
9013672529351722,shark dolphin whale
9013672684423246,cookie potato moon
9013686600865312,drums lightning trombone
9013696608028995,stereo radio rainbow
9013697408214608,remote_control owl calculator
9013700527897236,bracelet necklace sea_turtle
9013707684089080,screwdriver moustache lipstick
9013718521371134,bathtub hockey_puck mouth
9013727406735888,crocodile animal_migration frog
9013730669487197,submarine radio stereo
9013737521903609,octopus onion octagon
9013753629965307,bandage tractor eye
9013757529129994,popsicle sword lipstick
9013795467909547,snail stereo truck
9013800504895609,The_Eiffel_Tower pear violin
9013822521105898,rollerskates steak truck
9013822602705709,ladder tent diving_board
9013826586178210,crocodile dolphin shark
9013845463746124,scorpion squiggle sheep
9013847508864783,swing_set blueberry see_saw
9013856586556340,pizza watermelon bear
9013858484045990,zebra tiger bracelet
9013865482948626,cookie clock moon
9013874565837427,canoe washing_machine dishwasher
9013876648133132,calendar keyboard hospital
9013880527893873,basket bowtie drums
9013891606167486,wheel fan cooler
9013892648367163,zebra tiger bracelet
9013917682585151,floor_lamp pencil marker
9013918423639269,bench cooler chair
9013945648190390,triangle tent snowflake
9013975529581199,sandwich hot_tub pool
9013978504492652,rainbow bridge fan
9013988429334218,bat dragon power_outlet
9013998544523785,palm_tree windmill flower
9013999482583803,camera crab washing_machine
9014011569869406,tennis_racquet cactus microphone
9014035467396084,penguin elbow bird
9014040682988330,spreadsheet calendar snowman
9014051542898375,penguin map owl
9014065567141541,bench table piano
9014113625553719,flashlight spider lantern
9014136465666503,hedgehog pig rabbit
9014140523844173,rhinoceros butterfly bird
9014167469846231,golf_club hockey_stick leg
9014168423042124,horse traffic_light zebra
9014172608066578,remote_control door skyscraper
9014181527055198,floor_lamp fork hammer
9014190527665376,carrot birthday_cake ice_cream
9014191608697053,sink mailbox lantern
9014193604093613,fireplace garden swing_set
9014204542280382,drums lightning trombone
9014217569880052,tooth monkey camel
9014236502367912,rainbow bridge fan
9014239404878114,windmill mailbox fan
9014247406714570,diamond ambulance parachute
9014247642417652,beach ocean postcard
9014251646291412,cat dog dragon
9014255463155739,shark whale dolphin
9014266448112208,power_outlet remote_control door
9014266680283857,flamingo parrot lollipop
9014291569460750,hospital pillow megaphone
9014292667732941,remote_control owl calculator
9014293523021825,shark whale dolphin
9014324688856790,ant scorpion peas
9014332646297959,marker pencil baseball_bat
9014353642225004,fan cooler popsicle
9014357625768962,zigzag lightning mountain
9014367486328474,The_Mona_Lisa dishwasher picture_frame
9014367563349277,pig teddy-bear bear
9014375586113265,mouse moustache car
9014386644569994,bottlecap saw wine_bottle
9014390686512899,The_Mona_Lisa dishwasher picture_frame
9014397504490797,toe horse finger
9014408421791251,dog owl frog
9014412627623579,calendar basket calculator
9014416400029526,shovel church rake
9014418463579690,book computer television
9014420646808350,lollipop lantern lighthouse
9014441621907863,lighthouse zebra windmill
9014445400614803,laptop keyboard computer
9014448542495536,crab lobster pig
9014455640938056,toothbrush streetlight nail
9014457569234570,frog owl monkey
9014465665497739,paint_can bucket feather
9014471523215536,beach river sandwich
9014473502382349,speedboat pear sailboat
9014476584482783,goatee beard skull
9014496402177412,bathtub hot_tub pool
9014506588225857,panda raccoon helmet
9014511502760644,power_outlet snail The_Mona_Lisa
9014513648511099,crab spider scorpion
9014518544795965,bee alarm_clock mosquito
9014523602306303,cannon dumbbell trombone
9014542563115877,jacket backpack palm_tree
9014546606330135,camel giraffe rhinoceros
9014553527243715,elbow arm squirrel
9014561667964254,pig cow dog
9014573525538353,postcard face passport
9014579584448907,campfire fireplace arm
9014588546802807,school_bus bus pickup_truck
9014593523823091,saxophone trumpet trombone
9014615506779166,bench hot_tub bathtub
9014618408279690,picture_frame tornado oven
9014630606188790,stove oven dresser
9014643561463648,house church horse
9014644586345568,bee whale helicopter
9014645580477100,hamburger sandwich hot_dog
9014651580648429,pizza potato watermelon
9014685442892826,shark dolphin whale
9014697508803729,blackberry peas pizza
9014703565432151,snail truck camera
9014704625557954,pliers hot_dog leaf
9014705602382596,pizza soccer_ball lobster
9014707663111885,baseball yoga basketball
9014713625156484,book computer laptop
9014719521795642,ocean river squiggle
9014721523884607,frog underwear bear
9014731500230427,see_saw saw hand
9014748542208792,duck bird parrot
9014773606391740,bridge The_Great_Wall_of_China eyeglasses
9014779546487421,pizza watermelon bear
9014783588419568,dumbbell trumpet trombone
9014789465474758,grass bear snowflake
9014791582710246,birthday_cake cake clarinet
9014796506108570,face toothpaste panda
9014799440533500,stove oven cooler
9014803565079173,barn hurricane house
9014805567755968,oven microwave rabbit
9014806467580465,speedboat pear sailboat
9014811627608576,hexagon octagon sock
9014821682104018,motorbike car bicycle
9014824648996353,necklace bracelet sea_turtle
9014834544732263,smiley_face mouth boomerang
9014845684860246,scorpion lobster crab
9014847669238184,mug coffee_cup cup
9014875508007430,drill drums screwdriver
9014877561636847,The_Eiffel_Tower pear violin
9014898463366747,skull drill face
9014900561678220,ambulance police_car firetruck
9014906444588738,power_outlet stove door
9014907482188640,wine_glass cup wine_bottle
9014907580095659,kangaroo cello rabbit
9014921540387508,kangaroo cello rabbit
9014956544339951,pencil crayon marker
9014967506777438,lobster dumbbell cannon
9014976584469094,skateboard school_bus coffee_cup
9014981646679296,key pizza saw
9014983665683848,tornado hurricane marker
9014986567183382,bulldozer pencil tractor
9014995563193795,sea_turtle cow crab
9014998546293140,floor_lamp wine_glass cup
9015004661634144,drill rhinoceros telephone
9015009567719020,cloud van bush
9015029500650371,tent The_Eiffel_Tower triangle
9015042586727452,sleeping_bag roller_coaster mermaid
9015053648783066,The_Great_Wall_of_China animal_migration truck
9015067542689473,cooler map microwave
9015068540322979,pond pool jail
9015078529357060,hospital calendar The_Great_Wall_of_China
9015087540953454,pliers hourglass ant
9015090584252195,light_bulb lightning lighthouse
9015091582906259,elephant rhinoceros umbrella
9015091621770764,raccoon owl panda
9015091665206520,cactus flower lobster
9015103502156353,sailboat hedgehog bee
9015119567310944,feather leaf guitar
9015125561279280,blueberry alarm_clock strawberry
9015132648705927,hourglass skull envelope
9015144665039657,harp onion watermelon
9015149586554401,paper_clip penguin ear
9015152580017393,panda raccoon owl
9015176461216116,tornado hurricane pineapple
9015183684883491,washing_machine camera oven
9015190644582254,finger traffic_light remote_control
9015196644318898,stairs dragon crocodile
9015197488071871,butterfly square mosquito
9015201606560136,lion tiger line
9015203523690349,cow pig tiger
9015208427897236,diamond ambulance parachute
9015210540533949,canoe toothpaste pool
9015213682315672,pickup_truck car bulldozer
9015217504496891,elbow baseball boomerang
9015223548114734,jail stereo calendar
9015225563518421,axe hammer tree
9015237567145917,necklace watermelon jail
9015240627669324,hand donut finger
9015252646616920,bathtub canoe lion
9015267563761581,carrot birthday_cake ice_cream
9015285461442758,flamingo watermelon duck
9015295646234272,belt mug bandage
9015303502321597,dumbbell leg eyeglasses
9015303661081129,broom rake shovel
9015314663387002,cake birthday_cake cruise_ship
9015317646487446,octagon hexagon circle
9015338440368912,drill drums screwdriver
9015351504456995,windmill yoga wheel
9015354561049602,sandwich toe hamburger
9015358542871552,ambulance cooler barn
9015366625348486,tent wine_bottle triangle
9015368540134146,hat purse flying_saucer
9015371688620022,duck bird motorbike
9015372561237652,shorts underwear tiger
9015372644548680,ocean saw grass
9015382608254751,sleeping_bag finger door
9015383640512023,garden_hose guitar waterslide
9015385500844295,onion television pear
9015392525996435,pencil bulldozer tractor
9015404523219908,pear The_Eiffel_Tower violin
9015407488472568,leg dumbbell trombone
9015410527078344,blueberry strawberry door
9015432586113039,bee alarm_clock mosquito
9015442646848020,necklace eyeglasses bracelet
9015444642223922,zebra tiger bracelet
9015451582165496,fence camouflage bridge
9015451669065532,soccer_ball camouflage map
9015454544358967,sailboat telephone speedboat
9015462567143613,blueberry cloud pond
9015475544985876,dishwasher speedboat calculator
9015481682921611,snowflake hourglass star
9015525665837461,keyboard fence garden
9015527688430130,bandage tractor eye
9015530508693006,crown mountain leaf
9015533646865954,popsicle lipstick screwdriver
9015556588495522,knee angel butterfly
9015557461003262,bus pickup_truck firetruck
9015565661406080,coffee_cup cup mug
9015573569065950,stethoscope yoga headphones
9015576586702918,toilet calculator bucket
9015581582929848,mouth string_bean canoe
9015586448979457,helmet basket hat
9015587506315999,key pizza saw
9015587527222863,saw chandelier yoga
9015592640307345,traffic_light streetlight panda
9015596502304655,mountain moustache eyeglasses
9015617569299567,steak peanut bee
9015622669635499,calendar keyboard fence
9015629521181668,violin guitar envelope
9015637429710880,streetlight skyscraper nail
9015646429319211,basket bowtie purse
9015656523679167,axe windmill microphone
9015665429940885,basket bowtie purse
9015674588242352,fan cooler ceiling_fan
9015675625749173,duck swan motorbike
9015677506988210,snowman beard frog
9015681561659007,circle smiley_face compass
9015684544738783,scorpion lobster crab
9015704642856705,palm_tree hot_tub umbrella
9015706506777094,crown map rhinoceros
9015706540324608,palm_tree hot_tub windmill
9015707506121619,star cannon stairs
9015723542879152,grapes blackberry chandelier
9015726527680715,light_bulb lighthouse lightning
9015732648308692,tractor truck motorbike
9015734561482234,spider crab bandage
9015747463936470,television rollerskates radio
9015747527228524,nose pear vase
9015782504475148,jacket sweater brain
9015782580836498,paintbrush broom rake
9015786448154691,streetlight axe remote_control
9015800540115328,camel peanut rhinoceros
9015801548747724,harp onion watermelon
9015802580015095,bus school_bus train
9015807621983407,sword scissors screwdriver
9015817421799296,wristwatch trumpet trombone
9015817488854891,bird parrot duck
9015819565839514,guitar violin cello
9015836408613879,mouse dumbbell purse
9015840627262199,zigzag lightning mountain
9015849584005828,mouth hamburger bathtub
9015864640936191,grapes blueberry blackberry
9015866427878093,hockey_stick golf_club rake
9015868540111547,calculator calendar oven
9015876461467651,ocean river beach
9015878582967239,helicopter anvil computer
9015884627224956,rollerskates tractor truck
9015901625384981,sock rollerskates hockey_stick
9015924606779964,saw grass ocean
9015930525340483,toothpaste marker crayon
9015933508461585,beach saw diving_board
9015945608007244,couch bed fence
9015954608617422,ice_cream hot_dog parachute
9015957404287936,star cannon stairs
9015963642852565,brain hedgehog watermelon
9015977529319468,sun megaphone spider
9015980644318010,rain star streetlight
9015981506986129,toe foot horse
9015989546675604,necklace bracelet sea_turtle
9016037525194614,tiger trombone trumpet
9016055444715179,hot_tub hockey_puck bottlecap
9016078540345918,potato strawberry peanut
9016083608845355,onion steak feather
9016086461691132,diamond ambulance parachute
9016091621730001,skateboard school_bus bus
9016100684009417,sheep flamingo ant
9016106525173530,bicycle motorbike carrot
9016118548709153,radio stereo rainbow
9016126500829429,cello The_Eiffel_Tower guitar
9016143500040510,teddy-bear panda goatee
9016145446000608,hourglass peanut The_Mona_Lisa
9016148561653574,eyeglasses teddy-bear binoculars
9016151500652080,ice_cream hot_dog parachute
9016186586364910,clarinet trumpet campfire
9016193606735061,ant animal_migration mosquito
9016209546046627,teapot mug wristwatch
9016221608860772,bed couch fence
9016231640769879,palm_tree hot_tub hammer
9016291540305235,candle crocodile lipstick
9016302686938698,parrot cactus spider
9016311669219362,bulldozer pencil tractor
9016312546426867,bowtie broccoli envelope
9016320642601883,stitches cell_phone ladder
9016347463556428,swan duck motorbike
9016354548380056,trombone trumpet zigzag
9016375540729973,shoe foot pickup_truck
9016393567145780,hot_tub bathtub camouflage
9016405680604786,light_bulb hot_air_balloon snorkel
9016412580600503,diamond parachute ambulance
9016437663309318,dragon mosquito bird
9016439523274026,shoe whale snail
9016439565455328,hammer shorts mailbox
9016443529315096,fireplace flashlight lantern
9016445488626502,remote_control skyscraper door
9016446546061054,postcard square suitcase
9016452602325545,brain chair potato
9016459563761714,birthday_cake cake castle
9016493563193795,school_bus bus pickup_truck
9016495448912949,giraffe camel flamingo
9016499502175728,fire_hydrant lantern lollipop
9016519408047180,dog cat rabbit
9016535686767373,mermaid pants nose
9016544506777641,pear vase onion
9016545484674517,mouse car moustache
9016554686309848,panda owl frog
9016569402958383,binoculars drums bicycle
9016586521350812,train grass windmill
9016586565896335,square elbow eye
9016590584298723,hockey_puck pool steak
9016595680621621,apple cow pear
9016601588499322,picture_frame snorkel saxophone
9016609482104852,hedgehog sailboat bee
9016633682374147,dolphin ladder shark
9016642669612240,backpack ear bottlecap
9016654669639861,boomerang binoculars moon
9016665606560700,calendar keyboard jacket
9016668465607612,tiger shorts underwear
9016672523884282,bottlecap hot_tub piano
9016675648348159,calendar chandelier calculator
9016676406710124,wheel violin pizza
9016682642662867,windmill smiley_face fan
9016687425323106,goatee wristwatch pillow
9016707661273127,camouflage map soccer_ball
9016715680458997,hamburger basketball helmet
9016718504876063,cactus parrot spider
9016737640592682,smiley_face nail face
9016746580498076,circle donut moon
9016747484824338,whale dolphin microphone
9016760523483916,flamingo swan duck
9016760669447213,onion hurricane garden_hose
9016772540729304,mushroom table umbrella
9016785461400153,bathtub hot_tub camouflage
9016785484028045,flip_flops trombone binoculars
9016786529714838,potato passport clock
9016786646650722,guitar cello violin
9016792663159708,pizza potato watermelon
9016798465470173,map penguin owl
9016809408885635,tree keyboard broccoli
9016822588280718,belt mug bandage
9016829544924031,saxophone belt clarinet
9016830504876481,flying_saucer hockey_puck hot_tub
9016839569405471,hamburger sandwich hot_dog
9016876482355519,fireplace flashlight lantern
9016899400631768,ear paper_clip flip_flops
9016901540155201,calculator calendar megaphone
9016919429393333,triangle snowflake tent
9016927525557591,elephant umbrella rhinoceros
9016934506163228,hot_tub cruise_ship speedboat
9016951523692075,whale microphone dolphin
9016965546679820,pig anvil cow
9016987480667091,toaster cooler suitcase
9016990665248912,broom rake shovel
9016996688624073,onion television bee
9017009444335792,power_outlet blueberry bat
9017033508442780,dolphin shark whale
9017035404644372,stairs star snowflake
9017037548705357,sock lighthouse drill
9017048544778689,hurricane snail garden_hose
9017062586742871,ear paper_clip donut
9017066463387487,penguin map lantern
9017071565455195,mermaid dragon kangaroo
9017075504452541,mountain triangle skyscraper
9017087542626550,cookie lobster moon
9017093646004024,animal_migration moustache squiggle
9017095500046061,square elbow eye
9017095544582674,streetlight pond steak
9017116425557783,marker baseball_bat ladder
9017133682714637,line bench toothbrush
9017144646863232,mermaid dragon lobster
9017170567339054,flower microwave house_plant
9017181602198559,jail stereo calendar
9017184684298993,smiley_face face panda
9017208527456683,raccoon panda owl
9017219525131144,tractor pickup_truck ambulance
9017223661402831,guitar strawberry cello
9017228465058285,shark dolphin whale
9017234500405903,squirrel kangaroo parrot
9017246642875166,apple cow pear
9017259469238904,basket bowtie basketball
9017260608043190,whale microphone dolphin
9017262521563539,pig anvil cow
9017265608803533,see_saw garden_hose saw
9017267544506066,penguin map parrot
9017272563341088,elbow leg knee
9017287448551145,light_bulb lighthouse lightning
9017294606796691,dog cow sheep
9017294627604565,leaf guitar feather
9017318488282003,blueberry peas drums
9017328546295218,submarine river helicopter
9017347486155404,bowtie flashlight lightning
9017352669823022,moustache ocean peanut
9017357682944881,drums binoculars eyeglasses
9017360640951515,helmet purse lantern
9017380521310369,sweater jacket stitches
9017388563788115,candle birthday_cake cake
9017396667162013,carrot birthday_cake candle
9017402527874426,postcard face passport
9017410529731540,arm leg bench
9017429463976583,triangle tent mountain
9017442584218315,onion television pineapple
9017445467799622,envelope suitcase postcard
9017447408611157,sea_turtle crab sink
9017460588016130,owl camel face
9017466502570524,map swing_set passport
9017490508271444,tooth pliers monkey
9017495669067629,knee boomerang drill
9017501623086286,fire_hydrant sweater fireplace
9017516508218001,underwear trombone guitar
9017522508488320,swan duck bucket
9017527642056848,tree firetruck broccoli
9017538442284505,mountain tent triangle
9017540525994137,mailbox shorts hammer
9017540663748884,monkey raccoon owl
9017547546002927,rain star streetlight
9017549500652002,The_Eiffel_Tower pear violin
9017561604243200,ambulance firetruck police_car
9017579402971422,hot_air_balloon mouse parachute
9017586406184382,cloud nose headphones
9017594661041687,purse basket bucket
9017597523616031,mosquito bee scissors
9017611665413506,tent wine_bottle The_Eiffel_Tower
9017629429505115,crocodile trombone stairs
9017632661440640,eyeglasses teddy-bear binoculars
9017634623278839,fence stitches hexagon
9017641606564926,elbow arm baseball
9017646504450030,angel knee butterfly
9017652500042242,scissors rabbit pliers
9017675629102730,scorpion tiger raccoon
9017695669232863,tornado hurricane pineapple
9017709427268481,diamond ambulance parachute
9017717527032515,leaf banana waterslide
9017726506792414,pear The_Eiffel_Tower violin
9017737421109251,motorbike bicycle cannon
9017737629524397,hockey_stick golf_club train
9017750580665703,bird parrot elbow
9017754508210487,hot_tub bathtub pool
9017761680878694,door blackberry dresser
9017775602511006,banana sandwich necklace
9017776669217653,garden windmill flower
9017803563191831,eye sheep alarm_clock
9017815404437183,sailboat cruise_ship speedboat
9017820529756219,sheep blackberry grapes
9017822504224257,mug fire_hydrant drill
9017824608883390,ocean river beach
9017831569633729,hurricane tornado pineapple
9017832546468261,snail trombone truck
9017832661693037,leaf feather banana
9017835540596237,carrot crayon bandage
9017843680207019,house_plant vase sleeping_bag
9017843680228766,sword scissors ladder
9017859469842437,t-shirt sweater jacket
9017860567527887,chandelier rake calendar
9017860627209176,giraffe flamingo camel
9017866682520713,bandage tractor flying_saucer
9017871542605014,castle crown rhinoceros
9017872600029798,speedboat pear sailboat
9017880608296706,sock shoe rollerskates
9017882621989374,ceiling_fan smiley_face fan
9017885429161017,suitcase basket purse
9017890586782102,necklace hot_air_balloon bracelet
9017895621350620,computer television book
9017912569618519,soccer_ball camouflage cookie
9017917561843272,shark airplane dolphin
9017931629942130,nose door baseball_bat
9017931640970751,jail stereo harp
9017940640579181,waterslide leaf feather
9017946482737295,cooler stove oven
9017949508290262,floor_lamp candle streetlight
9017958448118304,birthday_cake cake cruise_ship
9017968521561486,kangaroo squirrel dog
9017975567500832,The_Mona_Lisa dishwasher picture_frame
9017985467924759,t-shirt sweater jacket
9017988465039064,birthday_cake cake dolphin
9017997540362419,cloud bush passport
9018001625781097,school_bus bus keyboard
9018006440366063,cello guitar violin
9018025565075719,necklace eyeglasses bracelet
9018033682167509,sheep flamingo broccoli
9018038563725846,popsicle sword The_Great_Wall_of_China
9018045584277221,stethoscope headphones wine_glass
9018054586577869,feather guitar leaf
9018065423869813,hockey_puck bottlecap watermelon
9018076502154283,cactus snowman pineapple
9018107461275231,calculator calendar cooler
9018129421310916,swan bird motorbike
9018140548154824,bowtie broccoli envelope
9018146527093362,sword scissors shovel
9018148502551301,ant bird sea_turtle
9018156488282659,paint_can bucket drums
9018208508210274,peas pizza stove
9018222548593995,peas grapes backpack
9018234608292906,snowman grass snowflake
9018244625553717,tree broccoli firetruck
9018251567394928,baseball elbow arm
9018265582737004,raccoon dog owl
9018272565033190,dog cat elephant
9018272602196487,snorkel picture_frame saxophone
9018289446618069,garden spreadsheet The_Great_Wall_of_China
9018306565225743,calendar basket bowtie
9018312600650713,watermelon bear onion
9018313684674137,saxophone whale teapot
9018326482900571,sleeping_bag house_plant vase
9018329408845311,stop_sign lollipop fan
9018331561448430,teapot bird swan
9018338580855869,grass line ocean
9018341561045677,lion line tiger
9018342580051512,hexagon octagon sock
9018345506986351,wristwatch trumpet belt
9018348546272068,cow pig cat
9018349500468841,hockey_puck bathtub hot_dog
9018366684235424,flamingo bird watermelon
9018373502559996,teddy-bear bear monkey
9018380648116489,swan duck motorbike
9018382667120041,sandwich picture_frame spreadsheet
9018383582562176,broom rake camera
9018386648952881,hammer mosquito axe
9018402682927924,pickup_truck van school_bus
9018415604226701,beach diving_board postcard
9018418561290489,traffic_light panda streetlight
9018422504201869,brain chair watermelon
9018428548515442,fork flower lollipop
9018431542056677,star cannon stairs
9018435404074645,book lighthouse axe
9018448425363422,snowman grass snowflake
9018457640706745,screwdriver crocodile The_Great_Wall_of_China
9018457640727403,baseball yoga basketball
9018460640558863,bread beard stop_sign
9018465663590490,school_bus train bus
9018469542837125,pool ocean jail
9018478542436645,ladder tent diving_board
9018487504878787,square bench table
9018506484889977,underwear t-shirt anvil
9018511600481333,bulldozer train school_bus
9018513569614506,duck parrot bird
9018514546428380,eraser hockey_stick crayon
9018531504458079,hockey_stick golf_club bicycle
9018531669441341,toothpaste radio toothbrush
9018544580201333,lion fire_hydrant sun
9018545425572343,sink dishwasher skateboard
9018583527262176,pliers scissors triangle
9018588446086791,mountain crown fireplace
9018588540305693,dragon dolphin crab
9018589440130190,dolphin ladder shark
9018602600420925,frog helicopter pig
9018604525194827,binoculars cake scissors
9018605648973756,flashlight megaphone spider
9018613525705015,river ocean squiggle
9018623580201546,sandwich hamburger hot_dog
9018636402971295,mosquito bird bee
9018640548131235,dresser stove oven
9018640686995640,peanut baseball zebra
9018653667337911,cruise_ship hammer sailboat
9018674582775803,bat power_outlet butterfly
9018675525954822,map swing_set pool
9018676627815130,baseball yoga basketball
9018676682378517,computer keyboard laptop
9018685567732371,pants table swing_set
9018696680642597,underwear t-shirt anvil
9018704525722949,animal_migration string_bean garden
9018708480450781,diving_board dishwasher square
9018729469048212,cat owl goatee
9018731504623214,blackberry blueberry grapes
9018743565415215,bulldozer tractor car
9018745446654351,sink skateboard dishwasher
9018766640117432,castle The_Great_Wall_of_China ocean
9018766661045063,sun megaphone spider
9018775629710846,tent triangle see_saw
9018776502306729,grass pond hand
9018777461294477,screwdriver rake shovel
9018781504834642,bird dragon lobster
9018785502916907,grass line ocean
9018796461826942,knee leg elbow
9018806669420056,sink skateboard dishwasher
9018809548380831,carrot birthday_cake palm_tree
9018811540590553,strawberry potato peanut
9018817402593108,bed couch The_Great_Wall_of_China
9018827540301667,feather leaf guitar
9018858544569538,arm elbow bench
9018866463136381,sailboat telephone speedboat
9018871521757476,ice_cream hot_dog parachute
9018872586554487,power_outlet snail washing_machine
9018880625574898,soccer_ball matches pizza
9018889484467113,squirrel animal_migration key
9018900669299909,dresser calculator spreadsheet
9018909488246574,see_saw saw garden_hose
9018914544166541,arm snake swan
9018917442077968,paintbrush tennis_racquet microphone
9018919421124024,pool hot_tub bathtub
9018946642096938,toothpaste marker pencil
9018948502329111,strawberry pineapple apple
9018950569882310,hot_tub brain pool
9018965586577656,mouth lipstick marker
9018999504872810,chandelier onion butterfly
9019001680226468,matches garden passport
9019009584841656,dog rhinoceros horse
9019018402139058,bush cloud eraser
9019018540993563,hockey_stick rake golf_club
9019022544799970,pickup_truck diamond necklace
9019025544128181,saxophone trumpet trombone
9019029488896635,elephant umbrella rhinoceros
9019041688050398,couch nose truck
9019046480473937,The_Mona_Lisa face dog
9019049480891148,squirrel animal_migration monkey
9019057423694901,vase sword house_plant
9019060586729182,trumpet trombone cannon
9019074600088267,banana wheel sleeping_bag
9019077484632908,key pizza crayon
9019080567795064,snake sun garden_hose
9019090565037980,scissors pliers mosquito
9019114569698735,leaf banana feather
9019118425384162,stairs zigzag The_Mona_Lisa
9019129400441621,church horse house
9019136529712762,lollipop crayon popsicle
9019139442240828,garden_hose hamburger house
9019140600618225,roller_coaster The_Great_Wall_of_China bridge
9019154542649362,wheel violin pizza
9019154586195975,streetlight traffic_light asparagus
9019155602764275,The_Eiffel_Tower mermaid tent
9019164540970398,nose ear onion
9019192563740043,helicopter frying_pan cannon
9019208563723987,line grass ocean
9019231540953870,birthday_cake carrot ice_cream
9019237482393115,couch hat belt
9019238548363346,cruise_ship birthday_cake cake
9019248546694272,trumpet trombone whale
9019268429754145,school_bus rain pickup_truck
9019287500084862,bucket paint_can feather
9019303600021529,baseball_bat screwdriver popsicle
9019305567542673,bat owl cat
9019320521987811,dolphin ladder shark
9019335444333608,tennis_racquet cactus microphone
9019346661482483,scissors mosquito apple
9019353588607956,hockey_puck bracelet steak
9019358425749348,passport computer postcard
9019359429771089,marker paintbrush toothpaste
9019359488835231,snowflake hourglass star
9019363586938882,teddy-bear goatee bear
9019376442265155,The_Eiffel_Tower mermaid tent
9019382629944647,radio stereo submarine
9019393548939591,cruise_ship speedboat hammer
9019397586936947,mug cup coffee_cup
9019400544168826,hedgehog sailboat bee
9019424606507343,tiger dog lion
9019445586387954,swan duck bucket
9019457504623442,cell_phone giraffe picture_frame
9019465446808187,windmill garden garden_hose
9019466525150593,tree broccoli keyboard
9019479404095748,microphone snake tennis_racquet
9019489425935666,tooth nail paper_clip
9019489584617945,see_saw garden_hose saw
9019498540780610,arm elbow squirrel
9019508425781496,marker crayon baseball_bat
9019536623489843,hockey_stick golf_club leg
9019543500846910,church bread hospital
9019545408214813,peas grapes blackberry
9019545521105035,donut ceiling_fan wheel
9019546446882077,hammer t-shirt fire_hydrant
9019569427209708,blackberry grapes flower
9019576421502768,pig anvil cow
9019581625175492,scissors ceiling_fan garden
9019581648705142,hot_tub camouflage coffee_cup
9019601542075476,star cannon stairs
9019612569234994,garden windmill flower
9019616646639101,van rain ambulance
9019635508427918,bridge cell_phone telephone
9019642640594393,hot_tub camouflage pool
9019644625952332,octopus chandelier monkey
9019651640115571,coffee_cup mug teapot
9019654542605016,hammer mosquito axe
9019656461001530,see_saw eraser crayon
9019674600671033,animal_migration bat ocean
9019675548532150,cat tiger bird
9019676465685304,stairs birthday_cake cake
9019681680287659,cake birthday_cake dolphin
9019696565497716,computer anvil frog
9019716467759304,spoon asparagus candle
9019717404648197,pencil sword paintbrush
9019725521730087,megaphone garden bowtie
9019726508444852,bathtub pool hot_tub
9019735680475078,picture_frame cell_phone passport
9019736540343069,book lantern passport
9019741684235405,cooler ceiling_fan fan
9019762604870531,flashlight spider lantern
9019774623481230,teddy-bear panda goatee
9019780544318850,canoe mouth bathtub
9019786648382164,river The_Great_Wall_of_China hat
9019790648578707,key pizza saw
9019798584028632,television anvil helicopter
9019813663704990,dragon crocodile stairs
9019819527496906,cup cookie mug
9019822582792511,knee leg boomerang
9019826508081974,screwdriver drill drums
9019828402950760,key pizza crayon
9019830644331914,circle hospital church
9019846467502108,donut ceiling_fan wheel
9019872602760247,trombone hamburger hat
9019881602369667,zigzag lightning mountain
9019886429566519,golf_club hockey_stick hockey_puck
9019892529355965,van truck school_bus
9019900565052101,ambulance tree police_car
9019904665096056,clarinet crocodile screwdriver
9019907625914316,toaster suitcase purse
9019910561049473,lion line tiger
9019910569673262,fan cooler popsicle
9019913525576508,camouflage map soccer_ball
9019929486512207,cow pig raccoon
9019947400449896,kangaroo cello squirrel
9019970546230411,violin wheel pizza
9019982540957807,mosquito bee airplane
9019988486322165,snail truck camera
9019999406925147,tooth monkey camel
9020004544527501,leg knee golf_club
9020042669846083,power_outlet snail washing_machine
9020055465491067,tornado hurricane pineapple
9020059446234808,toaster suitcase purse
9020064663516524,spreadsheet passport book
9020102663993829,raccoon panda owl
9020103525593695,washing_machine camera canoe
9020116540571589,grass pond hand
9020125425956991,police_car car ambulance
9020126467124263,teapot coffee_cup mug
9020132682169043,penguin owl bird
9020135561041685,animal_migration squirrel kangaroo
9020139461216931,potato strawberry peanut
9020154625975961,broccoli bowtie envelope
9020164665419857,giraffe snorkel flamingo
9020172506338381,mailbox axe diving_board
9020196508005510,duck bird parrot
9020209584041371,microwave book cooler
9020211504479740,bee zebra alarm_clock
9020218529186315,rainbow bridge helicopter
9020225402954374,mermaid saxophone snail
9020227461805674,dumbbell leg eyeglasses
9020254642831840,toothbrush rake guitar
9020284540550406,sheep flamingo broccoli
9020286629146246,snowflake hourglass star
9020288488839624,leaf crown mountain
9020303606378640,leg dumbbell eyeglasses
9020314629560839,wristwatch onion string_bean
9020342586347212,microwave oven television
9020347604608631,tornado hurricane pineapple
9020370663510867,flip_flops baseball peanut
9020384527458778,mushroom table umbrella
9020413686919832,garden windmill flower
9020432500671039,asparagus rake paintbrush
9020432544128542,toothpaste toothbrush basketball
9020441582942792,frying_pan helicopter cannon
9020445548177805,campfire fireplace flashlight
9020455442202696,stove oven dresser
9020462540744117,hedgehog wristwatch alarm_clock
9020462623044487,squirrel scorpion sheep
9020464684883434,grapes brain dumbbell
9020469561862664,owl camel face
9020475500278514,skyscraper asparagus ladder
9020478506908608,guitar cello violin
9020498465438821,skateboard coffee_cup school_bus
9020516527203876,truck bulldozer train
9020525648348955,onion television bee
9020526621563723,eraser hockey_puck mouse
9020539542244472,grass diving_board bench
9020573629566599,book hockey_stick cello
9020583667734274,kangaroo toe garden
9020590529505360,monkey lion teddy-bear
9020596408826761,rabbit kangaroo cello
9020596644508195,carrot asparagus birthday_cake
9020607642476144,eye sheep alarm_clock
9020615486723213,waterslide passport sleeping_bag
9020632663117569,lighthouse zebra windmill
9020637484003528,baseball_bat vase bat
9020647648935753,castle church raccoon
9020651565831135,blueberry necklace potato
9020679569257977,moustache mouse car
9020681621160736,string_bean peas backpack
9020682569021853,radio stereo rainbow
9020692667981574,mug coffee_cup cup
9020697504013209,harp basket watermelon
9020709580418808,stereo microwave traffic_light
9020712546635170,The_Mona_Lisa power_outlet washing_machine
9020735548937027,windmill mailbox fan
9020738565683084,elbow boomerang knee
9020740606568112,sailboat speedboat telephone
9020761667928975,nose sock potato
9020765463974439,flamingo watermelon duck
9020766467907070,ceiling_fan fan flower
9020780540744324,bracelet necklace sea_turtle
9020817569272305,hospital circle church
9020819467730208,watermelon bear onion
9020835402511842,yoga drums binoculars
9020839421500080,crocodile stairs shark
9020843644759065,airplane hockey_puck helicopter
9020859584866133,rain star streetlight
9020863688835860,hospital circle church
9020881621314123,spider ant mosquito
9020891504410383,stop_sign pillow fan
9020894669842414,pillow hospital megaphone
9020927486573858,passport washing_machine dishwasher
9020938582165228,light_bulb lightning lighthouse
9020943644396187,eye sheep alarm_clock
9020946684651137,whale rabbit duck
9020951602707688,lightning flashlight calendar
9020953582946725,power_outlet traffic_light snail
9020954608446772,bridge beach The_Great_Wall_of_China
9020985602705743,scissors pliers duck
9020999544736880,hockey_stick golf_club cell_phone
9021000602519402,zigzag lightning mountain
9021001563197511,grass pond stitches
9021007508480536,mouth tooth boomerang
9021007584841886,sea_turtle sink crab
9021009400637446,dumbbell school_bus bus
9021010529161285,hamburger sandwich hot_dog
9021015448954153,church hospital circle
9021015542282055,stop_sign pillow fan
9021016688689866,smiley_face face nail
9021017686322372,belt line mug
9021023606522576,passport remote_control microwave
9021027604682183,pizza potato watermelon
9021031508849706,canoe mouth speedboat
9021034563742151,anvil frog computer
9021037486170217,candle crocodile lipstick
9021039523021652,helicopter submarine bathtub
9021041502591625,kangaroo wine_bottle wine_glass
9021041546048148,hand diving_board school_bus
9021045665666161,teapot mug underwear
9021059421797163,shoe sock hat
9021066640765674,ant peas scorpion
9021086663577941,cow tiger pig
9021087469063888,wine_bottle screwdriver lipstick
9021105625177393,strawberry blueberry shovel
9021118569466035,crab pig spider
9021126423658634,fire_hydrant sweater fireplace
9021136561465104,rabbit paper_clip kangaroo
9021140525304115,paper_clip penguin ear
9021144600485515,pants binoculars couch
9021160523610501,tennis_racquet microphone cactus
9021187448783047,motorbike bicycle ambulance
9021188523426588,baseball_bat vase ladder
9021195625578863,compass clock bee
9021200623690510,rake broom camera
9021206442229874,firetruck pickup_truck school_bus
9021208548133571,mouth canoe bathtub
9021210688096941,house crayon marker
9021247502513171,trumpet toothpaste clarinet
9021257569295571,trombone stairs saw
9021266661847682,whale dolphin airplane
9021275567128211,fork flower lollipop
9021278584864278,keyboard jacket bench
9021281606184703,eraser hockey_stick crayon
9021294600255723,goatee wristwatch beard
9021297567120402,suitcase purse toaster
9021303684421113,sun megaphone spider
9021310540970316,compass camouflage animal_migration
9021317440531457,campfire flashlight fireplace
9021317540170242,popsicle The_Great_Wall_of_China floor_lamp
9021319546466702,oven picture_frame microwave
9021323525388916,waterslide saxophone oven
9021332661486640,ice_cream hot_dog parachute
9021356525388363,washing_machine camera canoe
9021367461670417,remote_control bandage telephone
9021376608862029,mailbox hammer axe
9021390529311210,helmet purse basket
9021396469464575,tiger cow cat
9021402582186179,pond washing_machine pool
9021408402344329,axe hammer mailbox
9021408488605679,envelope suitcase postcard
9021422580471808,ice_cream goatee basket
9021425469274018,sweater t-shirt jacket
9021428567500228,line leg bench
9021